No,艦名,艦種,画像URL,R,G,B,背景色分類,背景種類
1,金剛,戦艦,https://cdn.wikiwiki.jp/to/w/kancolle/%E9%87%91%E5%89%9B/::ref/021v2.jpg?rev=a206314e015013d864908f63953e13fd&t=20130924094057,147.71,129.7725,86.0625,4,3
2,金剛改二,戦艦,https://cdn.wikiwiki.jp/to/w/kancolle/%E9%87%91%E5%89%9B%E6%94%B9%E4%BA%8C/::ref/149bKongou.png?rev=935ca218870bffa7c0243efa7cf3a604&t=20131105073926,237.6,217.09,192.1425,0,4
3,比叡,戦艦,https://cdn.wikiwiki.jp/to/w/kancolle/%E6%AF%94%E5%8F%A1/::ref/022.jpg?rev=9a7bc6198e522ff390c12ed9c6f3971e&t=20130924094509,146.5,131.2775,84.2325,4,3
4,比叡改二,戦艦,https://cdn.wikiwiki.jp/to/w/kancolle/%E6%AF%94%E5%8F%A1%E6%94%B9%E4%BA%8C/::ref/150_2.png?rev=1199ade20f7c4ddfc7418842754969c0&t=20140329225134,237.405,213.965,188.1375,0,4
5,榛名,戦艦,https://cdn.wikiwiki.jp/to/w/kancolle/%E6%A6%9B%E5%90%8D/::ref/0023.png?rev=77f65398e6ceaeb33ac7259f842592c8&t=20131015102251,147.55,134.6675,87.25,4,3
6,榛名改二,戦艦,https://cdn.wikiwiki.jp/to/w/kancolle/%E6%A6%9B%E5%90%8D%E6%94%B9%E4%BA%8C/::ref/188.png?rev=37de3f9b293a8cecab4f8841f6caf1ae&t=20140728163500,237.6225,213.695,190.2625,0,4
7,霧島,戦艦,https://cdn.wikiwiki.jp/to/w/kancolle/%E9%9C%A7%E5%B3%B6/::ref/024.jpg?rev=4d9152d6086551d3b9e24df67e4fb6dd&t=20130502021824,145.995,131.9975,84.0575,4,3
8,霧島改二,戦艦,https://cdn.wikiwiki.jp/to/w/kancolle/%E9%9C%A7%E5%B3%B6%E6%94%B9%E4%BA%8C/::ref/b888fb77.jpg?rev=c9f12936069f1fac0da99e8dd67bb027&t=20140328164054,235.2375,213.275,189.72,0,4
9,金剛改二丙,戦艦,https://cdn.wikiwiki.jp/to/w/kancolle/%E9%87%91%E5%89%9B%E6%94%B9%E4%BA%8C%E4%B8%99/::ref/391.png?rev=1afba7b88635792c67b3a24ded0735f5&t=20190422230720,242.48,211.9475,182.4325,0,4
10,扶桑,戦艦,https://cdn.wikiwiki.jp/to/w/kancolle/%E6%89%B6%E6%A1%91/::ref/026.jpg?rev=6f355dd0c52a8fc22ff7644514692d32&t=20130501112805,74.045,80.115,88.5525,6,2
11,山城,戦艦,https://cdn.wikiwiki.jp/to/w/kancolle/%E5%B1%B1%E5%9F%8E/::ref/027.jpg?rev=a63fc99dcbe9a0d3ad30f7266cebd80c&t=20130501203847,141.6625,148.75,156.5,5,2
12,伊勢,戦艦,https://cdn.wikiwiki.jp/to/w/kancolle/%E4%BC%8A%E5%8B%A2/::ref/003.jpg?rev=d23e4470f9ea3d2ee85e6b14a12c574e&t=20130502125512,145.9625,131.89,83.86,4,3
13,日向,戦艦,https://cdn.wikiwiki.jp/to/w/kancolle/%E6%97%A5%E5%90%91/::ref/004.jpg?rev=3c4d44d2c1a0aa674f55ccb6f1a82fd1&t=20130505072722,140.2375,127.375,80.0475,4,3
14,長門,戦艦,https://cdn.wikiwiki.jp/to/w/kancolle/%E9%95%B7%E9%96%80/::ref/001.jpg?rev=472b2f047feaad25d14c85aad66ee873&t=20150421225308,237.09,213.3525,188.9925,0,4
15,長門改二,戦艦,https://cdn.wikiwiki.jp/to/w/kancolle/%E9%95%B7%E9%96%80%E6%94%B9%E4%BA%8C/::ref/341.jpg?rev=ecf8c4611ef06dd7cc8901328434cc7e&t=20170522192825,230.525,209.4475,185.2675,0,4
16,陸奥,戦艦,https://cdn.wikiwiki.jp/to/w/kancolle/%E9%99%B8%E5%A5%A5/::ref/002.png?rev=1584c73974078ff97a78f6f14032f86a&t=20150421225902,237.385,213.48,189.0425,0,4
17,陸奥改二,戦艦,https://cdn.wikiwiki.jp/to/w/kancolle/%E9%99%B8%E5%A5%A5%E6%94%B9%E4%BA%8C/::ref/373.jpg?rev=8b44d717c38ae271fb8a30d1a584d366&t=20190227200540,239.88,214.005,180.7775,0,4
18,大和,戦艦,https://cdn.wikiwiki.jp/to/w/kancolle/%E5%A4%A7%E5%92%8C/::ref/131.jpg?rev=b424884204bb95d8ee6df57e4b208b8b&t=20130924093321,237.6475,212.4775,189.4125,0,4
19,大和改,戦艦,https://cdn.wikiwiki.jp/to/w/kancolle/%E5%A4%A7%E5%92%8C%E6%94%B9/::ref/136-%E5%A4%A7%E5%92%8C%E6%94%B9.jpg?rev=344f0456960c51c712ff0c880630386a&t=20130814133643,237.6475,212.4775,189.4125,0,4
20,武蔵,戦艦,https://cdn.wikiwiki.jp/to/w/kancolle/%E6%AD%A6%E8%94%B5/::ref/0822cfceefa6670ddf375672cd6756957e66ecef1383293457.jpg?rev=edc7c1c95600cbb9d07ce86bfe451ed7&t=20131102223648,221.28,199.7125,177.12,0,4
21,武蔵改,戦艦,https://cdn.wikiwiki.jp/to/w/kancolle/%E6%AD%A6%E8%94%B5%E6%94%B9/::ref/148-2.jpg?rev=4a718bc335691c231c337f37f6173398&t=20131103014442,222.04,200.59,177.53,0,4
22,武蔵改二,戦艦,https://cdn.wikiwiki.jp/to/w/kancolle/%E6%AD%A6%E8%94%B5%E6%94%B9%E4%BA%8C/::ref/346.jpg?rev=50f14d949c7d3b969818de1088943c87&t=20180217033126,226.12,209.335,195.23,0,4
23,Bismarck,戦艦,https://cdn.wikiwiki.jp/to/w/kancolle/Bismarck/::ref/Bismarck.jpg?rev=7d53edd9760d0066b8fc1132d010f242&t=20140314214117,114.3,100.83,90.9475,6,4
24,Bismarck改,戦艦,https://cdn.wikiwiki.jp/to/w/kancolle/Bismarck%E6%94%B9/::ref/Bismarck%E6%94%B9.png?rev=5cbc5175e7c9b5cd109cfd14835d1800&t=20140315005505,113.5225,100.9075,91.465,6,4
25,Bismarck zwei,戦艦,https://cdn.wikiwiki.jp/to/w/kancolle/Bismarck%20zwei/::ref/Bismarck_zwei.png?rev=20459805f439708e353060e5071b2caf&t=20140430190606,111.795,102.035,87.015,6,4
26,Bismarck drei,戦艦,https://cdn.wikiwiki.jp/to/w/kancolle/Bismarck%20drei/::ref/bisdrei_0.png?rev=cfaa1fb141f3ba0c1b04391d9bee952c&t=20140926175422,237.77,213.4875,189.6125,0,4
27,Littorio,戦艦,https://cdn.wikiwiki.jp/to/w/kancolle/Littorio/::ref/%E3%83%AA%E3%83%83%E3%83%88%E3%83%AA%E3%82%AA.jpg?rev=f74ebfa8a57e565bc9012609c6ceeaf2&t=20150428235443,245.34,238.535,244.24,2,4
28,Italia,戦艦,https://cdn.wikiwiki.jp/to/w/kancolle/Italia/::ref/%E3%82%A4%E3%82%BF%E3%83%AA%E3%82%A2.jpg?rev=d08386a2d4c5e45f93816bccffbf9fba&t=20150429173150,238.3275,211.81,191.28,0,4
29,Roma,戦艦,https://cdn.wikiwiki.jp/to/w/kancolle/Roma/::ref/%E3%83%AD%E3%83%BC%E3%83%9E.jpg?rev=f41246eb0814c1bdf497cf2c503f23c0&t=20150428235749,245.88,239.3375,245.8025,2,4
30,Roma改,戦艦,https://cdn.wikiwiki.jp/to/w/kancolle/Roma%E6%94%B9/::ref/Roma%E6%94%B9.jpg?rev=a9bf8a64a4f290d041ade35b82fbc754&t=20150501090825,237.825,212.3425,190.2875,0,4
31,Colorado,戦艦,https://cdn.wikiwiki.jp/to/w/kancolle/Colorado/::ref/401.jpg?rev=caa38018e98157f0e467c0708be77bd8&t=20190525173042,233.435,208.5175,179.5275,0,4
32,Colorado改,戦艦,https://cdn.wikiwiki.jp/to/w/kancolle/Colorado%E6%94%B9/::ref/401b.jpg?rev=d34a564dbdf0e55eca32ffca33952381&t=20190526195756,233.43,210.1275,174.01,0,4
33,Iowa,戦艦,https://cdn.wikiwiki.jp/to/w/kancolle/Iowa/::ref/Iowa%EF%BD%83%EF%BD%81%EF%BD%92%EF%BD%84_1.png?rev=95487a6689d88ce9cf79ece92664be5c&t=20160505171803,237.845,214.5,190.005,0,4
34,Warspite,戦艦,https://cdn.wikiwiki.jp/to/w/kancolle/Warspite/::ref/239.jpg?rev=432f4d8c89997ec96c53b01182110eec&t=20160814005710,235.95,214.1725,190.7625,0,4
35,Nelson,戦艦,https://cdn.wikiwiki.jp/to/w/kancolle/Nelson/::ref/371.jpg?rev=5a29afd09157d80e6823c2e99134d4d0&t=20180913132516,239.935,214.9275,181.1125,0,4
36,Nelson改,戦艦,https://cdn.wikiwiki.jp/to/w/kancolle/Nelson%E6%94%B9/::ref/376.jpg?rev=3f66ad418859bb0bc260f980ca4e2e8f&t=20180915003030,239.475,215.2775,180.905,0,4
37,Richelieu,戦艦,https://cdn.wikiwiki.jp/to/w/kancolle/Richelieu/::ref/292.jpg?rev=1cdd945a24c00bf0906a69a58a24f9cd&t=20170811071919,237.595,212.525,189.4225,0,4
38,Гангут,戦艦,https://cdn.wikiwiki.jp/to/w/kancolle/%D0%93%D0%B0%D0%BD%D0%B3%D1%83%D1%82/::ref/%D0%93%D0%B0%D0%BD%D0%B3%D1%83%D1%82.png?rev=307acdc92d180811d5b2ca5e8b4aa184&t=20170504084328,146.7975,131.5675,85.0425,4,3
39,Октябрьская революция,戦艦,https://cdn.wikiwiki.jp/to/w/kancolle/%D0%9E%D0%BA%D1%82%D1%8F%D0%B1%D1%80%D1%8C%D1%81%D0%BA%D0%B0%D1%8F%20%D1%80%D0%B5%D0%B2%D0%BE%D0%BB%D1%8E%D1%86%D0%B8%D1%8F/::ref/312.jpg?rev=2157809ebf39b6035212de0d08f2e0e5&t=20170504174252,245.58,238.5925,245.0175,2,4
40,Гангут два,戦艦,https://cdn.wikiwiki.jp/to/w/kancolle/%D0%93%D0%B0%D0%BD%D0%B3%D1%83%D1%82%20%D0%B4%D0%B2%D0%B0/::ref/316.jpg?rev=a6e7e9d3053118ed669380ec8bc9ca4c&t=20170504220456,237.8325,213.0275,190.2625,0,4
41,扶桑改,航空戦艦,https://cdn.wikiwiki.jp/to/w/kancolle/%E6%89%B6%E6%A1%91%E6%94%B9/::ref/026k.png?rev=4a0393059d285750bfa748bf10d72f54&t=20130818155149,97.4075,94.8625,83.6425,6,3
42,扶桑改二,航空戦艦,https://cdn.wikiwiki.jp/to/w/kancolle/%E6%89%B6%E6%A1%91%E6%94%B9%E4%BA%8C/::ref/211.png?rev=967dec527e95455cf82d96cb6e05de3b&t=20141024172027,125.5425,130.0125,140.1025,1,2
43,山城改,航空戦艦,https://cdn.wikiwiki.jp/to/w/kancolle/%E5%B1%B1%E5%9F%8E%E6%94%B9/::ref/027k.png?rev=c107d4efb5ce632dce8662428a0022c0&t=20130818155025,141.4225,125.325,78.7725,4,3
44,山城改二,航空戦艦,https://cdn.wikiwiki.jp/to/w/kancolle/%E5%B1%B1%E5%9F%8E%E6%94%B9%E4%BA%8C/::ref/212.png?rev=8cbe634e6196128d852480e071c8fe21&t=20141120211421,228.42,223.725,226.9525,2,4
45,伊勢改,航空戦艦,https://cdn.wikiwiki.jp/to/w/kancolle/%E4%BC%8A%E5%8B%A2%E6%94%B9/::ref/102.jpg?rev=053f4eb5e23b3fb23c405564b44bae21&t=20130503135451,245.8325,239.12,244.33,2,4
46,日向改,航空戦艦,https://cdn.wikiwiki.jp/to/w/kancolle/%E6%97%A5%E5%90%91%E6%94%B9/::ref/103.jpg?rev=15834208cbb09ceab5516aa273a52e2f&t=20141215232035,246.8575,239.955,244.5525,2,4
47,伊勢改二,改装航空戦艦,https://cdn.wikiwiki.jp/to/w/kancolle/%E4%BC%8A%E5%8B%A2%E6%94%B9%E4%BA%8C/::ref/353.jpg?rev=6685c8204145db2374b7d2850743d8ba&t=20180613211239,236.0175,211.735,187.135,0,4
48,日向改二,改装航空戦艦,https://cdn.wikiwiki.jp/to/w/kancolle/%E6%97%A5%E5%90%91%E6%94%B9%E4%BA%8C/::ref/354.jpg?rev=f5d4e7a01084bfe160463796ea3d45b1&t=20190327224217,239.815,213.365,180.8425,0,4
49,赤城,正規空母,https://cdn.wikiwiki.jp/to/w/kancolle/%E8%B5%A4%E5%9F%8E/::ref/006.jpg?rev=c622ade2aa31085cb84124019d9bedac&t=20130427214920,245.82,239.215,244.1625,2,4
50,赤城改二,正規空母,https://cdn.wikiwiki.jp/to/w/kancolle/%E8%B5%A4%E5%9F%8E%E6%94%B9%E4%BA%8C/::ref/404.jpg?rev=2fb70f3308be7d4677d3ddc3b232d98b&t=20190521085504,239.8,213.5925,180.355,0,4
51,赤城改二戊,正規空母,https://cdn.wikiwiki.jp/to/w/kancolle/%E8%B5%A4%E5%9F%8E%E6%94%B9%E4%BA%8C%E6%88%8A/::ref/409.jpg?rev=a93d4c631a02d0355d243495c16f3020&t=20190521090317,238.9175,214.345,179.915,0,4
52,加賀,正規空母,https://cdn.wikiwiki.jp/to/w/kancolle/%E5%8A%A0%E8%B3%80/::ref/007.png?rev=a284307330afa0bb9b305b1988efd118&t=20131015101839,145.1625,130.52,82.6275,4,3
53,蒼龍,正規空母,https://cdn.wikiwiki.jp/to/w/kancolle/%E8%92%BC%E9%BE%8D/::ref/008.jpg?rev=082af1c1f0a9068998b2a987d91f3f50&t=20130924095222,142.85,126.5425,78.6225,4,3
54,蒼龍改二,正規空母,https://cdn.wikiwiki.jp/to/w/kancolle/%E8%92%BC%E9%BE%8D%E6%94%B9%E4%BA%8C/::ref/197.png?rev=ea2311106fe22b34c86e4399d6ef5d2e&t=20140722000728,238.0475,213.07,187.2125,0,4
55,飛龍,正規空母,https://cdn.wikiwiki.jp/to/w/kancolle/%E9%A3%9B%E9%BE%8D/::ref/009.jpg?rev=11ff6443d08a937315aa7cd652fe42a4&t=20130426090632,245.82,239.215,244.1625,2,4
56,飛龍改二,正規空母,https://cdn.wikiwiki.jp/to/w/kancolle/%E9%A3%9B%E9%BE%8D%E6%94%B9%E4%BA%8C/::ref/%E9%A3%9B%E9%BE%8D%E6%94%B9%E4%BA%8C.png?rev=d5327ca1d1fe1ea0c2f24c413a9e7964&t=20140608001253,238.7025,213.2675,189.765,0,4
57,翔鶴,正規空母,https://cdn.wikiwiki.jp/to/w/kancolle/%E7%BF%94%E9%B6%B4/::ref/amarecco0001.jpg?rev=82a65c1058d00bbe064aacdbf516c12e&t=20130528205147,143.89,127.18,79.2,4,3
58,翔鶴改二,正規空母,https://cdn.wikiwiki.jp/to/w/kancolle/%E7%BF%94%E9%B6%B4%E6%94%B9%E4%BA%8C/::ref/261.jpg?rev=6b67558fd8bb8c12743a1c3d70e2d570&t=20150925175210,235.5125,212.6725,187.28,0,4
59,瑞鶴,正規空母,https://cdn.wikiwiki.jp/to/w/kancolle/%E7%91%9E%E9%B6%B4/::ref/107.jpg?rev=3da13894ddf408b2297e1220d7a22f5d&t=20130602214320,245.2825,238.7125,244.2575,2,4
60,瑞鶴改,正規空母,https://cdn.wikiwiki.jp/to/w/kancolle/%E7%91%9E%E9%B6%B4%E6%94%B9/::ref/108.jpg?rev=d495014d03dfce666f1d12e8c2f59077&t=20130604214241,234.515,212.3525,187.07,0,4
61,瑞鶴改二,正規空母,https://cdn.wikiwiki.jp/to/w/kancolle/%E7%91%9E%E9%B6%B4%E6%94%B9%E4%BA%8C/::ref/262_2.jpg?rev=b7a55bdf31f4fe6f2d7257236009ae01&t=20151031121503,235.92,212.4875,186.98,0,4
62,雲龍,正規空母,https://cdn.wikiwiki.jp/to/w/kancolle/%E9%9B%B2%E9%BE%8D/::ref/201.jpeg?rev=c0bf260bc3c65b23ef1e5692f80a96d6&t=20140809012049,233.3175,229.5825,231.33,2,4
63,雲龍改,正規空母,https://cdn.wikiwiki.jp/to/w/kancolle/%E9%9B%B2%E9%BE%8D%E6%94%B9/::ref/%E9%9B%B2%E9%BE%8D%E6%94%B9.jpg?rev=ad38a9122ba613ef3ae4f528ae66603f&t=20140810194331,237.675,211.915,187.1225,0,4
64,天城,正規空母,https://cdn.wikiwiki.jp/to/w/kancolle/%E5%A4%A9%E5%9F%8E/::ref/amagi.jpg?rev=d2edbaa864d46533a435de366861e636&t=20150206220119,244.8725,238.37,244.255,2,4
65,天城改,正規空母,https://cdn.wikiwiki.jp/to/w/kancolle/%E5%A4%A9%E5%9F%8E%E6%94%B9/::ref/%E5%A4%A9%E5%9F%8E%E6%94%B9.jpg?rev=4760ae76e98b037fa47363495eb2289d&t=20150206220717,235.97,212.2475,187.1625,0,4
66,葛城,正規空母,https://cdn.wikiwiki.jp/to/w/kancolle/%E8%91%9B%E5%9F%8E/::ref/1.jpg?rev=edfd3e11fe8cd84d89ef85aeacb2633b&t=20150428224706,214.175,208.3625,213.55,0,4
67,葛城改,正規空母,https://cdn.wikiwiki.jp/to/w/kancolle/%E8%91%9B%E5%9F%8E%E6%94%B9/::ref/katsuragi-kai.png?rev=dd8223c5dafc48ed9834e867b51e277c&t=20150429204445,236.725,211.2825,186.8175,0,4
68,Graf Zeppelin,正規空母,https://cdn.wikiwiki.jp/to/w/kancolle/Graf%20Zeppelin/::ref/CV_Graf_Zeppelin_432_Card_1.jpg?rev=f26fb1544727181ae935cdce25ae97f2&t=20151119003749,235.37,211.5625,189.84,0,4
69,Graf Zeppelin改,正規空母,https://cdn.wikiwiki.jp/to/w/kancolle/Graf%20Zeppelin%E6%94%B9/::ref/232%E6%94%B9.jpg?rev=daee4f8710054f91f73947c5d85346af&t=20151119192903,236.0825,211.735,188.215,0,4
70,Aquila,正規空母,https://cdn.wikiwiki.jp/to/w/kancolle/Aquila/::ref/mig-1.jpg?rev=84a1a2924e355480dc4ae9ce1a8945bf&t=20160813022131,234.4125,210.3775,188.88,0,4
71,Saratoga,正規空母,https://cdn.wikiwiki.jp/to/w/kancolle/Saratoga/::ref/sara.jpg?rev=166faa57332f717424d04e93d3da5332&t=20161120025002,246.1925,238.3575,244.4375,2,4
72,Saratoga改,正規空母,https://cdn.wikiwiki.jp/to/w/kancolle/Saratoga%E6%94%B9/::ref/IMG_1937_0.JPG?rev=11abfd4ac4b8841b945ce9cc31c14412&t=20161120110755,235.595,212.415,194.44,0,4
73,Saratoga Mk.II,正規空母,https://cdn.wikiwiki.jp/to/w/kancolle/Saratoga%20Mk.II/::ref/345.jpg?rev=6fccfb736adf8e6a094fb1563b6e59e5&t=20170912204921,235.6575,212.8175,186.89,0,4
74,Intrepid,正規空母,https://cdn.wikiwiki.jp/to/w/kancolle/Intrepid/::ref/349.jpg?rev=4b9d8dfb624935c421bb69b59c903a27&t=20180222172959,237.4575,211.135,186.5125,0,4
75,Intrepid改,正規空母,https://cdn.wikiwiki.jp/to/w/kancolle/Intrepid%E6%94%B9/::ref/349b.jpg?rev=98f854cf204ca4bddd3b08fd92678cec&t=20180227193832,196.5375,178.47,167.51,5,4
76,Ark Royal,正規空母,https://cdn.wikiwiki.jp/to/w/kancolle/Ark%20Royal/::ref/315.jpg?rev=edc0f1eda9f6cbac8242bd842a44251b&t=20170812152106,237.4425,211.2275,186.96,0,4
77,翔鶴改二甲,装甲空母,https://cdn.wikiwiki.jp/to/w/kancolle/%E7%BF%94%E9%B6%B4%E6%94%B9%E4%BA%8C%E7%94%B2/::ref/266.jpg?rev=37a4b974da147c7a7309350dade2dfb1&t=20150925180513,236.0875,212.3825,187.06,0,4
78,瑞鶴改二甲,装甲空母,https://cdn.wikiwiki.jp/to/w/kancolle/%E7%91%9E%E9%B6%B4%E6%94%B9%E4%BA%8C%E7%94%B2/::ref/267_2.jpg?rev=a4f67b4be60024442c2be12de5206c83&t=20151031120944,235.56,212.835,186.915,0,4
79,大鳳,装甲空母,https://cdn.wikiwiki.jp/to/w/kancolle/%E5%A4%A7%E9%B3%B3/::ref/%E5%A4%A7%E9%B3%B3.png?rev=c62dade650c3d8d587f2cd67ed9fcbe5&t=20131224135208,236.8175,212.805,187.495,0,4
80,大鳳改,装甲空母,https://cdn.wikiwiki.jp/to/w/kancolle/%E5%A4%A7%E9%B3%B3%E6%94%B9/::ref/WS000312.JPG?rev=dd9c017ebecdd7e4e7f5efa160571aa0&t=20131225083534,233.51,213.59,189.715,0,4
81,Saratoga Mk.II Mod.2,装甲空母,https://cdn.wikiwiki.jp/to/w/kancolle/Saratoga%20Mk.II%20Mod.2/::ref/350.jpg?rev=de36e0cf36d5eda845eeec211a820844&t=20170912210147,236.1175,212.3825,188.5425,0,4
82,鳳翔,軽空母,https://cdn.wikiwiki.jp/to/w/kancolle/%E9%B3%B3%E7%BF%94/::ref/025.jpg?rev=8855aed01822633d00b9147ea0d29885&t=20130427154433,174.535,222.5525,225.83,3,1
83,龍驤,軽空母,https://cdn.wikiwiki.jp/to/w/kancolle/%E9%BE%8D%E9%A9%A4/::ref/030.jpg?rev=0e54868bba64bc1dbc69f394ac3e4c2b&t=20130425135413,108.53,114.315,120.4775,1,2
84,龍驤改,軽空母,https://cdn.wikiwiki.jp/to/w/kancolle/%E9%BE%8D%E9%A9%A4%E6%94%B9/::ref/030k2.png?rev=858f8d8cabfa108e0055063631bb9414&t=20140409154941,143.205,126.735,79.1475,4,3
85,龍驤改二,軽空母,https://cdn.wikiwiki.jp/to/w/kancolle/%E9%BE%8D%E9%A9%A4%E6%94%B9%E4%BA%8C/::ref/2014y05m23d_164413256.jpg?rev=ac4b0046771a583d7fb18422fe86e23e&t=20140523164455,244.3175,238.465,241.7275,2,4
86,龍鳳,軽空母,https://cdn.wikiwiki.jp/to/w/kancolle/%E9%BE%8D%E9%B3%B3/::ref/5ba609c2gw1eh4fbxn00ij206208ct9a.jpg?rev=9f7319aa026883f7330871b52e7998f3&t=20140606183207,143.375,126.7725,79.79,4,3
87,龍鳳改,軽空母,https://cdn.wikiwiki.jp/to/w/kancolle/%E9%BE%8D%E9%B3%B3%E6%94%B9/::ref/%E9%BE%8D%E9%B3%B3%E6%94%B9.jpg?rev=bd1b3e7d8884d0ba39ea40767c2757b5&t=20140606210702,245.6375,238.4175,244.6275,2,4
88,祥鳳,軽空母,https://cdn.wikiwiki.jp/to/w/kancolle/%E7%A5%A5%E9%B3%B3/::ref/094.jpg?rev=713c73854b4b61c50055a5e6b5a74de9&t=20130502141514,45.94,41.78,37.51,6,2
89,祥鳳改,軽空母,https://cdn.wikiwiki.jp/to/w/kancolle/%E7%A5%A5%E9%B3%B3%E6%94%B9/::ref/094b_2.jpg?rev=44a20a1e29863df3da52195822c3106a&t=20150626175057,143.2525,127.875,78.2625,4,3
90,瑞鳳,軽空母,https://cdn.wikiwiki.jp/to/w/kancolle/%E7%91%9E%E9%B3%B3/::ref/d92bbb4c6c40fbd08751fac49aef1625.jpg?rev=c0d3e2089cf8b04448e20d8d3121790c&t=20130611000800,142.325,126.765,80.985,4,3
91,瑞鳳改,軽空母,https://cdn.wikiwiki.jp/to/w/kancolle/%E7%91%9E%E9%B3%B3%E6%94%B9/::ref/ZUIHOUKAI.jpg?rev=5b06ff92ca7e8affdedbdb5a51e93e4c&t=20130624224121,239.165,233.67,237.375,2,4
92,瑞鳳改二,軽空母,https://cdn.wikiwiki.jp/to/w/kancolle/%E7%91%9E%E9%B3%B3%E6%94%B9%E4%BA%8C/::ref/355.jpg?rev=b3f7ffe14da191aa24a19879a56f146a&t=20180221231023,235.065,212.36,187.04,0,4
93,瑞鳳改二乙,軽空母,https://cdn.wikiwiki.jp/to/w/kancolle/%E7%91%9E%E9%B3%B3%E6%94%B9%E4%BA%8C%E4%B9%99/::ref/360.jpg?rev=705fc9f351afab6e54f38e8cd5f08821&t=20180221231206,235.07,211.715,187.1675,0,4
94,飛鷹,軽空母,https://cdn.wikiwiki.jp/to/w/kancolle/%E9%A3%9B%E9%B7%B9/::ref/065.jpg?rev=f43efd0e09d3a8312e229a454fb098db&t=20130702210150,108.33,114.44,120.53,1,2
95,飛鷹改,軽空母,https://cdn.wikiwiki.jp/to/w/kancolle/%E9%A3%9B%E9%B7%B9%E6%94%B9/::ref/hiyo-kai-2.png?rev=7edf559079ea60b1444efc2d3d27fdf5&t=20140226162257,142.5175,126.2175,77.3075,4,3
96,隼鷹,軽空母,https://cdn.wikiwiki.jp/to/w/kancolle/%E9%9A%BC%E9%B7%B9/::ref/066.jpg?rev=19b1a49e2aec2dbd449c93ebf8a684a5&t=20130426130741,108.6325,114.4175,120.58,1,2
97,隼鷹改二,軽空母,https://cdn.wikiwiki.jp/to/w/kancolle/%E9%9A%BC%E9%B7%B9%E6%94%B9%E4%BA%8C/::ref/208.jpg?rev=bd289f657bd513ef6a75c5349d280c74&t=20140829163447,245.5625,240.27,242.785,2,4
98,春日丸,軽空母,https://cdn.wikiwiki.jp/to/w/kancolle/%E6%98%A5%E6%97%A5%E4%B8%B8/::ref/321.jpg?rev=3876c9d4d36411aadbed4704385478fe&t=20170503101902,109.5925,114.2875,121.2675,1,2
99,大鷹,軽空母,https://cdn.wikiwiki.jp/to/w/kancolle/%E5%A4%A7%E9%B7%B9/::ref/326.jpg?rev=c923ffce67cb96a21741946246d74ace&t=20170503203640,143.39,126.8925,78.59,4,3
100,大鷹改,軽空母,https://cdn.wikiwiki.jp/to/w/kancolle/%E5%A4%A7%E9%B7%B9%E6%94%B9/::ref/326b.jpg?rev=a3ad422aa49741172a3f676776930a2f&t=20170504174742,245.3625,238.1375,244.7725,2,4
101,大鷹改二,軽空母,https://cdn.wikiwiki.jp/to/w/kancolle/%E5%A4%A7%E9%B7%B9%E6%94%B9%E4%BA%8C/::ref/331.jpg?rev=d7c9fd82b80ad35b82507bbed0223491&t=20170505110335,236.5925,211.645,188.375,0,4
102,神鷹,軽空母,https://cdn.wikiwiki.jp/to/w/kancolle/%E7%A5%9E%E9%B7%B9/::ref/324.jpg?rev=cc7a18a75d7672df2203725631e66471&t=20180909210608,111.3,116.5425,124.2275,1,2
103,神鷹改,軽空母,https://cdn.wikiwiki.jp/to/w/kancolle/%E7%A5%9E%E9%B7%B9%E6%94%B9/::ref/324b.png?rev=a173d7b9bac8dfd3da1ee42d5eeff938&t=20180912214113,244.3475,239.6925,243.9175,2,4
104,神鷹改二,軽空母,https://cdn.wikiwiki.jp/to/w/kancolle/%E7%A5%9E%E9%B7%B9%E6%94%B9%E4%BA%8C/::ref/336.jpg?rev=1ce37df5023274f7f20b3a4c2523002e&t=20180915114400,239.29,215.095,181.325,0,4
105,千歳航,軽空母,https://cdn.wikiwiki.jp/to/w/kancolle/%E5%8D%83%E6%AD%B3%E8%88%AA/::ref/104.jpg?rev=fa8de11e062fc62b579f98e024cc70ee&t=20130503124030,108.88,114.58,120.82,1,2
106,千歳航改二,軽空母,https://cdn.wikiwiki.jp/to/w/kancolle/%E5%8D%83%E6%AD%B3%E8%88%AA%E6%94%B9%E4%BA%8C/::ref/121chitose-kai2.png?rev=7c17a155d0a2849e22a14dfa04d1989f&t=20131015104135,244.0375,238.7125,242.1425,2,4
107,千代田航,軽空母,https://cdn.wikiwiki.jp/to/w/kancolle/%E5%8D%83%E4%BB%A3%E7%94%B0%E8%88%AA/::ref/105.jpg?rev=2d69900f51c6ed5c7a90612ebcb60565&t=20130505130731,108.53,114.315,120.4775,1,2
108,千代田航改二,軽空母,https://cdn.wikiwiki.jp/to/w/kancolle/%E5%8D%83%E4%BB%A3%E7%94%B0%E8%88%AA%E6%94%B9%E4%BA%8C/::ref/chiyoda-kai2.png?rev=5da66351106b98766fcd0c785c62346e&t=20131105083421,245.0375,239.455,243.2,2,4
109,鈴谷航改二,軽空母,https://cdn.wikiwiki.jp/to/w/kancolle/%E9%88%B4%E8%B0%B7%E8%88%AA%E6%94%B9%E4%BA%8C/::ref/308.jpg?rev=8a593f2d2e53bb1442617f69d0965021&t=20170405190659,235.265,212.48,188.98,0,4
110,熊野航改二,軽空母,https://cdn.wikiwiki.jp/to/w/kancolle/%E7%86%8A%E9%87%8E%E8%88%AA%E6%94%B9%E4%BA%8C/::ref/309.jpg?rev=9f064cfd5057f3abf9eb0c8f8386b51d&t=20170606195921,236.985,210.6975,188.6775,0,4
111,Gambier Bay,軽空母,https://cdn.wikiwiki.jp/to/w/kancolle/Gambier%20Bay/::ref/344.jpg?rev=74d42cf80f055750ee7ff556215c2f1b&t=20180217083039,142.4575,125.8625,79.0375,4,3
112,古鷹,重巡洋艦,https://cdn.wikiwiki.jp/to/w/kancolle/%E5%8F%A4%E9%B7%B9/::ref/052.jpg?rev=301f5440bd1ef558319969c90732b7e2&t=20130426134607,172.67,223.55,228.15,3,1
113,古鷹改二,重巡洋艦,https://cdn.wikiwiki.jp/to/w/kancolle/%E5%8F%A4%E9%B7%B9%E6%94%B9%E4%BA%8C/::ref/furutaka_kai2.jpg?rev=6ee4be48f764f845c5ceed5ba4649856&t=20141201172433,244.615,239.2025,244.2325,2,4
114,加古,重巡洋艦,https://cdn.wikiwiki.jp/to/w/kancolle/%E5%8A%A0%E5%8F%A4/::ref/053.jpg?rev=262073fc0e05c5c59d59323d4cafce66&t=20130430131818,156.7625,170.51,200.5125,5,1
115,加古改二,重巡洋艦,https://cdn.wikiwiki.jp/to/w/kancolle/%E5%8A%A0%E5%8F%A4%E6%94%B9%E4%BA%8C/::ref/217.jpg?rev=120208dcd6a03756eb654eccd83eb1a0&t=20150612165145,245.325,238.81,244.0625,2,4
116,青葉,重巡洋艦,https://cdn.wikiwiki.jp/to/w/kancolle/%E9%9D%92%E8%91%89/::ref/054.png?rev=9ab6512783516c65f740de20beb3fd2d&t=20131015102834,173.13,224.215,227.42,3,1
117,衣笠,重巡洋艦,https://cdn.wikiwiki.jp/to/w/kancolle/%E8%A1%A3%E7%AC%A0/::ref/20130725003526.jpg?rev=82c12304e84cf48e52fff76f73890ce3&t=20130725014137,111.0475,115.7975,124.5975,1,2
118,衣笠改二,重巡洋艦,https://cdn.wikiwiki.jp/to/w/kancolle/%E8%A1%A3%E7%AC%A0%E6%94%B9%E4%BA%8C/::ref/%E8%A1%A3%E7%AC%A0%E6%94%B9%E4%BA%8C.PNG?rev=e0bf92885e7b7a4193eab0c272f1aee2&t=20131113164004,244.67,239.565,243.8425,2,4
119,妙高,重巡洋艦,https://cdn.wikiwiki.jp/to/w/kancolle/%E5%A6%99%E9%AB%98/::ref/055.png?rev=3006d9e9dfc0e36c18b936773507bf2b&t=20131015102915,110.405,116.435,122.285,1,2
120,妙高改二,重巡洋艦,https://cdn.wikiwiki.jp/to/w/kancolle/%E5%A6%99%E9%AB%98%E6%94%B9%E4%BA%8C/::ref/myoukou_kai_2nd.png?rev=1a4e1692713ed31b6f3aa9ba407aaea2&t=20140704165221,245.42,238.8825,244.13,2,4
121,那智,重巡洋艦,https://cdn.wikiwiki.jp/to/w/kancolle/%E9%82%A3%E6%99%BA/::ref/056.jpg?rev=e34ebcad98c6592abde888e1f213ad3a&t=20130427183606,177.1975,198.06,234.56,3,1
122,那智改二,重巡洋艦,https://cdn.wikiwiki.jp/to/w/kancolle/%E9%82%A3%E6%99%BA%E6%94%B9%E4%BA%8C/::ref/SS0063.JPG?rev=3c80bed74675246983f4af005601f288&t=20150123174009,233.86,229.6275,231.74,2,4
123,足柄,重巡洋艦,https://cdn.wikiwiki.jp/to/w/kancolle/%E8%B6%B3%E6%9F%84/::ref/057.jpg?rev=e7e3e65eef3de9c8c385c97bdd3fe6b5&t=20130427160122,174.84,207.6125,222.38,3,1
124,足柄改二,重巡洋艦,https://cdn.wikiwiki.jp/to/w/kancolle/%E8%B6%B3%E6%9F%84%E6%94%B9%E4%BA%8C/::ref/Ashigara-kai-2.png?rev=75cb20a0295b0da61da7ad45242a5018&t=20141226170338,244.3575,239.205,244.0825,2,4
125,羽黒,重巡洋艦,https://cdn.wikiwiki.jp/to/w/kancolle/%E7%BE%BD%E9%BB%92/::ref/058.jpg?rev=6f8b968653b8dd8f03f0060531462685&t=20130502224924,177.0625,197.9475,234.675,3,1
126,羽黒改二,重巡洋艦,https://cdn.wikiwiki.jp/to/w/kancolle/%E7%BE%BD%E9%BB%92%E6%94%B9%E4%BA%8C/::ref/%E7%BE%BD%E9%BB%92%E6%94%B9%E4%BA%8C.jpg?rev=b62211dd430dc4fb5aaea8733ea72336&t=20140523165653,244.7975,238.975,243.18,2,4
127,高雄,重巡洋艦,https://cdn.wikiwiki.jp/to/w/kancolle/%E9%AB%98%E9%9B%84/::ref/059.png?rev=1b572650f255c0d10af61dff0707681a&t=20131015103012,120.0125,124.7425,128.445,1,2
128,愛宕,重巡洋艦,https://cdn.wikiwiki.jp/to/w/kancolle/%E6%84%9B%E5%AE%95/::ref/060.jpg?rev=dc7a708eefb5662798de81089f8b5e03&t=20130429014205,110.3675,116.1525,122.315,1,2
129,摩耶,重巡洋艦,https://cdn.wikiwiki.jp/to/w/kancolle/%E6%91%A9%E8%80%B6/::ref/061.png?rev=6668474f2e383a31b2ffd7431ca3fbfd&t=20131015103109,168.45,180.2825,200.7125,5,1
130,摩耶改二,重巡洋艦,https://cdn.wikiwiki.jp/to/w/kancolle/%E6%91%A9%E8%80%B6%E6%94%B9%E4%BA%8C/::ref/228.jpg?rev=5671c91db28789febb8345bdda1c03b4&t=20150313170358,191.305,185.8225,187.7475,5,4
131,鳥海,重巡洋艦,https://cdn.wikiwiki.jp/to/w/kancolle/%E9%B3%A5%E6%B5%B7/::ref/062.jpg?rev=268c7c19726916ea435fa1ac0afb3473&t=20130427210621,177.2925,198.155,234.6825,3,1
132,鳥海改二,重巡洋艦,https://cdn.wikiwiki.jp/to/w/kancolle/%E9%B3%A5%E6%B5%B7%E6%94%B9%E4%BA%8C/::ref/227.jpg?rev=e1f862be27f68f965aa09d49510daa78&t=20150327170415,244.8375,239.27,244.3075,2,4
133,最上,重巡洋艦,https://cdn.wikiwiki.jp/to/w/kancolle/%E6%9C%80%E4%B8%8A/::ref/051.jpg?rev=4bbe250df769f2785cc1744ff08425a6&t=20130427183508,105.2675,110.4975,113.5675,1,2
134,三隈,重巡洋艦,https://cdn.wikiwiki.jp/to/w/kancolle/%E4%B8%89%E9%9A%88/::ref/116mikuma.png?rev=16f616a8902b5f3942826c08ba871931&t=20131015103851,146.2225,130.375,82.465,4,3
135,鈴谷,重巡洋艦,https://cdn.wikiwiki.jp/to/w/kancolle/%E9%88%B4%E8%B0%B7/::ref/124suzuya.png?rev=bd2fb7b8127fb4d131df35646a4cd7e5&t=20131015104213,123.7975,128.185,131.185,1,2
136,熊野,重巡洋艦,https://cdn.wikiwiki.jp/to/w/kancolle/%E7%86%8A%E9%87%8E/::ref/kumano.jpg?rev=8e8a49d741de2ef5b769824857a0fb61&t=20130924092209,111.4775,116.0775,123.2775,1,2
137,利根,重巡洋艦,https://cdn.wikiwiki.jp/to/w/kancolle/%E5%88%A9%E6%A0%B9/::ref/063.jpg?rev=afac27f78dbf224491e83fc3e510a098&t=20130502074123,110.685,116.385,122.625,1,2
138,筑摩,重巡洋艦,https://cdn.wikiwiki.jp/to/w/kancolle/%E7%AD%91%E6%91%A9/::ref/064.JPG?rev=a0ae7024184689bd583f31ad553d23eb&t=20130502202737,194.62,201.4,207.7675,3,2
139,Prinz Eugen,重巡洋艦,https://cdn.wikiwiki.jp/to/w/kancolle/Prinz%20Eugen/::ref/Prinz%20Eugen.png?rev=24d8911d89b79d72530be0b5eba68651&t=20141114230435,244.33,238.91,242.125,2,4
140,Prinz Eugen改,重巡洋艦,https://cdn.wikiwiki.jp/to/w/kancolle/Prinz%20Eugen%E6%94%B9/::ref/prin%20ketsu.png?rev=50077d30ef018a30e830cc922fef4a02&t=20141117193119,237.8425,215.3475,189.7675,0,4
141,Zara,重巡洋艦,https://cdn.wikiwiki.jp/to/w/kancolle/Zara/::ref/1455112157973_4.png?rev=cfb906d87d6a14ad802460a9944ba84a&t=20160210225643,246.3025,238.84,245.3775,2,4
142,Zara due,重巡洋艦,https://cdn.wikiwiki.jp/to/w/kancolle/Zara%20due/::ref/296.jpg?rev=da4b041d59cc834dd016d0962972476b&t=20170228190744,235.905,212.41,188.825,0,4
143,Pola,重巡洋艦,https://cdn.wikiwiki.jp/to/w/kancolle/Pola/::ref/249.jpg?rev=f21cf4220b3227d2d7e9c0c736791456&t=20160504131654,246.425,239.54,244.8675,2,4
144,Houston,重巡洋艦,https://cdn.wikiwiki.jp/to/w/kancolle/Houston/::ref/395.png?rev=ed36935d46492c4c3d9a7e841d3c46ac&t=20191130154520,245.2875,239.7625,243.255,2,4
145,Houston改,重巡洋艦,https://cdn.wikiwiki.jp/to/w/kancolle/Houston%E6%94%B9/::ref/400.png?rev=13749f6ca9cafdc238035ef94c55c2fc&t=20191202181009,239.8025,214.9475,181.4675,0,4
146,最上改,航空巡洋艦,https://cdn.wikiwiki.jp/to/w/kancolle/%E6%9C%80%E4%B8%8A%E6%94%B9/::ref/101.jpg?rev=e563a0f7a657262e55967eeea5b380ec&t=20130509190422,241.86,235.4025,239.85,2,4
147,三隈改,航空巡洋艦,https://cdn.wikiwiki.jp/to/w/kancolle/%E4%B8%89%E9%9A%88%E6%94%B9/::ref/117-%E4%B8%89%E9%9A%88%E6%94%B9.jpg?rev=d006a8032212a58cdeb8bc6102638f2c&t=20130810002133,245.9475,238.2225,245.3625,2,4
148,鈴谷改,航空巡洋艦,https://cdn.wikiwiki.jp/to/w/kancolle/%E9%88%B4%E8%B0%B7%E6%94%B9/::ref/129suzuyakai.png?rev=4a09f368b92e9e584bb2c89d5d169522&t=20131015104447,141.17,126.72,81.265,4,3
149,鈴谷改二,航空巡洋艦,https://cdn.wikiwiki.jp/to/w/kancolle/%E9%88%B4%E8%B0%B7%E6%94%B9%E4%BA%8C/::ref/303.jpg?rev=4acad61ea9b9a8a3b9c3752c01041334&t=20170405190145,235.375,212.5925,188.425,0,4
150,熊野改,航空巡洋艦,https://cdn.wikiwiki.jp/to/w/kancolle/%E7%86%8A%E9%87%8E%E6%94%B9/::ref/130.png?rev=8a6ca5ce9c7df407715ddf8ec4faeece&t=20131015104525,143.8125,125.5575,80.2375,4,3
151,熊野改二,航空巡洋艦,https://cdn.wikiwiki.jp/to/w/kancolle/%E7%86%8A%E9%87%8E%E6%94%B9%E4%BA%8C/::ref/304.jpg?rev=fed32ea59563f93b333b95c390258298&t=20170606193032,236.47,211.8775,186.3625,0,4
152,利根改二,航空巡洋艦,https://cdn.wikiwiki.jp/to/w/kancolle/%E5%88%A9%E6%A0%B9%E6%94%B9%E4%BA%8C/::ref/tonekaini.png?rev=20298bd7fd4a44a7ec84c34e86db522f&t=20140423193015,237.6675,212.3425,186.765,0,4
153,筑摩改二,航空巡洋艦,https://cdn.wikiwiki.jp/to/w/kancolle/%E7%AD%91%E6%91%A9%E6%94%B9%E4%BA%8C/::ref/ilnimhfcivpt%5B2%5D.jpg?rev=75165142a4e6c8f9d56053608d37eded&t=20140423201752,234.7025,209.245,183.665,0,4
154,天龍,軽巡洋艦,https://cdn.wikiwiki.jp/to/w/kancolle/%E5%A4%A9%E9%BE%8D/::ref/028.jpg?rev=54e28fa716c66082af7358baa98cdc52&t=20130425213213,171.94,223.285,227.6325,3,1
155,天龍改二,軽巡洋艦,https://cdn.wikiwiki.jp/to/w/kancolle/%E5%A4%A9%E9%BE%8D%E6%94%B9%E4%BA%8C/::ref/277.jpg?rev=a600fb08d479f2785ea7a55fc062177e&t=20180712224359,236.3875,211.49,187.6075,0,4
156,龍田,軽巡洋艦,https://cdn.wikiwiki.jp/to/w/kancolle/%E9%BE%8D%E7%94%B0/::ref/029.jpg?rev=5e8ead475ccd0b5c36f3aff6e19a5678&t=20130424090529,171.76,223.265,227.98,3,1
157,龍田改二,軽巡洋艦,https://cdn.wikiwiki.jp/to/w/kancolle/%E9%BE%8D%E7%94%B0%E6%94%B9%E4%BA%8C/::ref/278.jpg?rev=236b4f24999506c06d4fe0de2361c63d&t=20180117193725,235.545,212.34,187.1075,0,4
158,球磨,軽巡洋艦,https://cdn.wikiwiki.jp/to/w/kancolle/%E7%90%83%E7%A3%A8/::ref/039.jpg?rev=9211b9a1e43f935122a3be8eca10c209&t=20130425154451,109.1325,114.9325,121.04,1,2
159,多摩,軽巡洋艦,https://cdn.wikiwiki.jp/to/w/kancolle/%E5%A4%9A%E6%91%A9/::ref/040.jpg?rev=fb43509d9037e55de4e587239201927f&t=20130425154745,168.455,206.8725,226.9325,3,1
160,多摩改二,軽巡洋艦,https://cdn.wikiwiki.jp/to/w/kancolle/%E5%A4%9A%E6%91%A9%E6%94%B9%E4%BA%8C/::ref/347.jpg?rev=d2ab462f78b78908f4ae685b5dedcdad&t=20171211190852,236.2925,211.665,186.7925,0,4
161,北上,軽巡洋艦,https://cdn.wikiwiki.jp/to/w/kancolle/%E5%8C%97%E4%B8%8A/::ref/020.jpg?rev=ea7840eb5263a90866f38df7140f7ef5&t=20130426182420,113.5325,118.89,124.3925,1,2
162,大井,軽巡洋艦,https://cdn.wikiwiki.jp/to/w/kancolle/%E5%A4%A7%E4%BA%95/::ref/019.jpg?rev=77b189033eaed6f03a6d6508e7efc165&t=20130426132952,216.5575,210.71,147.245,0,3
163,木曾,軽巡洋艦,https://cdn.wikiwiki.jp/to/w/kancolle/%E6%9C%A8%E6%9B%BE/::ref/041.jpg?rev=e91a04fc6e708dcec36fae90b3869d7d&t=20130425155047,177.725,198,235.5175,3,1
164,長良,軽巡洋艦,https://cdn.wikiwiki.jp/to/w/kancolle/%E9%95%B7%E8%89%AF/::ref/042.jpg?rev=13c190df6bff561540102e979df31351&t=20130425033656,194.725,200.305,206.685,3,2
165,長良改,軽巡洋艦,https://cdn.wikiwiki.jp/to/w/kancolle/%E9%95%B7%E8%89%AF%E6%94%B9/::ref/N042b.jpg?rev=cc39214c1323a316f798985ed407d3e8&t=20130911182900,143.6625,128.65,80.5,4,3
166,五十鈴,軽巡洋艦,https://cdn.wikiwiki.jp/to/w/kancolle/%E4%BA%94%E5%8D%81%E9%88%B4/::ref/043.jpg?rev=3924ff848cb41bf1c6e0da72e56c93a2&t=20130425155459,168.2775,206.525,225.9075,3,1
167,五十鈴改二,軽巡洋艦,https://cdn.wikiwiki.jp/to/w/kancolle/%E4%BA%94%E5%8D%81%E9%88%B4%E6%94%B9%E4%BA%8C/::ref/55943460%20%281%29.jpg?rev=5a313b55a43a026606a823c0bedadad9&t=20130925174053,144.135,126.9875,81.3825,4,3
168,名取,軽巡洋艦,https://cdn.wikiwiki.jp/to/w/kancolle/%E5%90%8D%E5%8F%96/::ref/045.jpg?rev=857af4e451d268b9df9bc90a7d6e9aac&t=20130428144338,168.13,206.6875,225.94,3,1
169,名取改,軽巡洋艦,https://cdn.wikiwiki.jp/to/w/kancolle/%E5%90%8D%E5%8F%96%E6%94%B9/::ref/044b.png?rev=5761c5a3e25c7661e09e831f6ba7c46b&t=20131227074106,108.8425,116.0625,121.9725,1,2
170,由良,軽巡洋艦,https://cdn.wikiwiki.jp/to/w/kancolle/%E7%94%B1%E8%89%AF/::ref/044.jpg?rev=39f83791404a46a8dc8f9c3c2998affe&t=20130427205231,177.6975,197.7325,235.595,3,1
171,由良改二,軽巡洋艦,https://cdn.wikiwiki.jp/to/w/kancolle/%E7%94%B1%E8%89%AF%E6%94%B9%E4%BA%8C/::ref/288.jpg?rev=cf629fc95fb0e97686d2008267bb5758&t=20170623190333,236.135,212.1925,189.3625,0,4
172,鬼怒,軽巡洋艦,https://cdn.wikiwiki.jp/to/w/kancolle/%E9%AC%BC%E6%80%92/::ref/109kinu.png?rev=97d452aafe46bec263393fa6fd928687&t=20131015103539,122.8675,127.8325,130.9325,1,2
173,鬼怒改二,軽巡洋艦,https://cdn.wikiwiki.jp/to/w/kancolle/%E9%AC%BC%E6%80%92%E6%94%B9%E4%BA%8C/::ref/287.jpg?rev=ae562b4e6355cec7dca7d0483dbabec4&t=20161104180747,235.945,212.515,188.09,0,4
174,阿武隈,軽巡洋艦,https://cdn.wikiwiki.jp/to/w/kancolle/%E9%98%BF%E6%AD%A6%E9%9A%88/::ref/amarecco0004.jpg?rev=5b5b9dd2a086442752cab19d702d7f8a&t=20130519213606,143.6475,127.3375,79.3475,4,3
175,阿武隈改二,軽巡洋艦,https://cdn.wikiwiki.jp/to/w/kancolle/%E9%98%BF%E6%AD%A6%E9%9A%88%E6%94%B9%E4%BA%8C/::ref/200.jpg?rev=d5ac4596a69f0e51b7053f67bc2985a6&t=20150717172322,236.0825,212.1875,187.67,0,4
176,夕張,軽巡洋艦,https://cdn.wikiwiki.jp/to/w/kancolle/%E5%A4%95%E5%BC%B5/::ref/yuubari.jpg?rev=ad1472955014c268d059ff23922244b9&t=20130607034540,143.735,128.29,79.9375,4,3
177,川内,軽巡洋艦,https://cdn.wikiwiki.jp/to/w/kancolle/%E5%B7%9D%E5%86%85/::ref/046.jpg?rev=05db9c5db9a178fa3b6ec19eae6c2892&t=20130426125530,195.7175,201.9075,207.5275,3,2
178,川内改二,軽巡洋艦,https://cdn.wikiwiki.jp/to/w/kancolle/%E5%B7%9D%E5%86%85%E6%94%B9%E4%BA%8C/::ref/ninja2.png?rev=a04e68381108ad827f048d8fd79677af&t=20140620162241,244.1475,239.2725,245.1675,2,4
179,神通,軽巡洋艦,https://cdn.wikiwiki.jp/to/w/kancolle/%E7%A5%9E%E9%80%9A/::ref/047.jpg?rev=ab1b394b39fc33b36169d373c55db2d1&t=20130424064322,177.9275,198.4025,235.6525,3,1
180,神通改二,軽巡洋艦,https://cdn.wikiwiki.jp/to/w/kancolle/%E7%A5%9E%E9%80%9A%E6%94%B9%E4%BA%8C/::ref/%E7%A5%9E%E9%80%9A%E6%94%B9%E4%BA%8C.jpg?rev=8b4d0125075e63f5899d0333ea203b9c&t=20140226181652,244.91,238.9,245.2875,2,4
181,那珂,軽巡洋艦,https://cdn.wikiwiki.jp/to/w/kancolle/%E9%82%A3%E7%8F%82/::ref/048.jpg?rev=2176d0c9d4a74624b7a21b63dfd3c935&t=20130424084202,168.4575,207.2,227.47,3,1
182,那珂改二,軽巡洋艦,https://cdn.wikiwiki.jp/to/w/kancolle/%E9%82%A3%E7%8F%82%E6%94%B9%E4%BA%8C/::ref/%E9%82%A3%E7%8F%82%E6%94%B9%E4%BA%8C.jpg?rev=2da6af1ca5ea9ae454b63ac9e7ce5fde&t=20140115165439,244.375,238.855,245,2,4
183,阿賀野,軽巡洋艦,https://cdn.wikiwiki.jp/to/w/kancolle/%E9%98%BF%E8%B3%80%E9%87%8E/::ref/137%5B2%5D.jpg?rev=2f04ebd589f8bc50d4eb8307f411c777&t=20131102045715,144.7025,127.55,79.615,4,3
184,能代,軽巡洋艦,https://cdn.wikiwiki.jp/to/w/kancolle/%E8%83%BD%E4%BB%A3/::ref/Nosiro138.png?rev=661ab71767d135350c24a32100d91dee&t=20131104105433,144.595,129.27,79.94,4,3
185,矢矧,軽巡洋艦,https://cdn.wikiwiki.jp/to/w/kancolle/%E7%9F%A2%E7%9F%A7/::ref/139.png?rev=7e78d7853b4d03d2cf3a8494444fafbe&t=20131120164023,244.795,238.955,243.185,2,4
186,酒匂,軽巡洋艦,https://cdn.wikiwiki.jp/to/w/kancolle/%E9%85%92%E5%8C%82/::ref/vrtbgpzuepqx%5B2%5D.jpg?rev=760d4613eab76cafbe71e76c67086aae&t=20140423202030,143.7325,127.1025,79.5275,4,3
187,大淀,軽巡洋艦,https://cdn.wikiwiki.jp/to/w/kancolle/%E5%A4%A7%E6%B7%80/::ref/183.jpeg?rev=59106304d015563035582ab66a10ee24&t=20140809012647,244.6725,238.3,245.09,2,4
188,大淀改,軽巡洋艦,https://cdn.wikiwiki.jp/to/w/kancolle/%E5%A4%A7%E6%B7%80%E6%94%B9/::ref/183b.jpg?rev=7e66bb418b1dd51bac59aaa16f62132a&t=20140829164704,206.455,187.94,169.8725,5,4
189,L.d.S.D.d.Abruzzi,軽巡洋艦,https://cdn.wikiwiki.jp/to/w/kancolle/L.d.S.D.d.Abruzzi/::ref/389.png?rev=d2ea77f7aa7cd72dbbadb7b0d13314f8&t=20190831052509,244.6775,239.7475,243.375,2,4
190,G.Garibaldi,軽巡洋艦,https://cdn.wikiwiki.jp/to/w/kancolle/G.Garibaldi/::ref/390-2.png?rev=3da7e45eb310a1ccea3a93e9eaf1255a&t=20190524194306,244.745,239.5525,243.3775,2,4
191,G.Garibaldi改,軽巡洋艦,https://cdn.wikiwiki.jp/to/w/kancolle/G.Garibaldi%E6%94%B9/::ref/390b-2.png?rev=0863715093e231233d326615ad8adeea&t=20190524194221,241.085,215.06,180.95,0,4
192,Gotland改,軽巡洋艦,https://cdn.wikiwiki.jp/to/w/kancolle/Gotland%E6%94%B9/::ref/379.jpg?rev=2fd6431b3ce99930b2c42ee2e8e9d4ad&t=20180915140714,239.3125,215.9175,180.9625,0,4
193,De Ruyter,軽巡洋艦,https://cdn.wikiwiki.jp/to/w/kancolle/De%20Ruyter/::ref/399.png?rev=ad0f753ee06fc1addd6d1672a0f24876&t=20191130154351,111.1725,116.225,124.195,1,2
194,Perth,軽巡洋艦,https://cdn.wikiwiki.jp/to/w/kancolle/Perth/::ref/413.png?rev=da182a0632518d0a0c3e3c44d7b19f10&t=20191130154114,111.1575,116.54,124.02,1,2
195,Perth改,軽巡洋艦,https://cdn.wikiwiki.jp/to/w/kancolle/Perth%E6%94%B9/::ref/418.png?rev=3df489a6a056c52a0c22576e17620a4b&t=20191130195627,139.7,124.8575,76.8025,4,3
196,Gotland,軽(航空)巡洋艦,https://cdn.wikiwiki.jp/to/w/kancolle/Gotland/::ref/374.jpg?rev=9674349565ec80f3419914c5597c43ed&t=20180913101558,244.5225,239.7225,243.805,2,4
197,Atlanta,防空巡洋艦,https://cdn.wikiwiki.jp/to/w/kancolle/Atlanta/::ref/397.png?rev=fafcecdc2edc656d9baa305ca9aa5fb5&t=20191208051047,245.3125,239.5725,243.275,2,4
198,北上改,重雷装巡洋艦,https://cdn.wikiwiki.jp/to/w/kancolle/%E5%8C%97%E4%B8%8A%E6%94%B9/::ref/098.jpg?rev=81cdce2561bae81dffa27646c3776fea&t=20130428113053,244.535,240.075,242.7125,2,4
199,北上改二,重雷装巡洋艦,https://cdn.wikiwiki.jp/to/w/kancolle/%E5%8C%97%E4%B8%8A%E6%94%B9%E4%BA%8C/::ref/kitakami-kai2.png?rev=7269fd359099f3ccb58ff04537b21ac3&t=20131015103757,238.065,216.015,191.26,0,4
200,大井改,重雷装巡洋艦,https://cdn.wikiwiki.jp/to/w/kancolle/%E5%A4%A7%E4%BA%95%E6%94%B9/::ref/097.jpg?rev=3929068c3fce9a415d1c71174d325d3c&t=20130425062110,245.2575,239.6625,244.1875,2,4
201,大井改二,重雷装巡洋艦,https://cdn.wikiwiki.jp/to/w/kancolle/%E5%A4%A7%E4%BA%95%E6%94%B9%E4%BA%8C/::ref/114ohi-kai2.png?rev=92d4923da298a0ba111fa9a7fa5edf8f&t=20131015103724,237.8575,216.59,190.995,0,4
202,木曾改二,重雷装巡洋艦,https://cdn.wikiwiki.jp/to/w/kancolle/%E6%9C%A8%E6%9B%BE%E6%94%B9%E4%BA%8C/::ref/KisoKai2.png?rev=0241ea9a734a98c1abe630279099649e&t=20131211170556,232.555,227.375,231.1675,2,4
203,香取,練習巡洋艦,https://cdn.wikiwiki.jp/to/w/kancolle/%E9%A6%99%E5%8F%96/::ref/%E9%A6%99%E5%8F%96.jpg?rev=ad546b8c4807061487ec4c29913770de&t=20150206220613,112.0325,116.34,123.6025,1,2
204,鹿島,練習巡洋艦,https://cdn.wikiwiki.jp/to/w/kancolle/%E9%B9%BF%E5%B3%B6/::ref/265.jpg?rev=b62f3227bd3ae15805ea64d4a32776f0&t=20151126221613,110.725,117.1075,123.84,1,2
205,神風,駆逐艦,https://cdn.wikiwiki.jp/to/w/kancolle/%E7%A5%9E%E9%A2%A8/::ref/kme.jpg?rev=8241e4cce6bbfd2494177cf62153c2b8&t=20160503073750,112.605,116.305,124.205,1,2
206,神風改,駆逐艦,https://cdn.wikiwiki.jp/to/w/kancolle/%E7%A5%9E%E9%A2%A8%E6%94%B9/::ref/kamikaze_kai.jpg?rev=7fec13ba97b19ea5a47c73a77141e9c8&t=20160504160010,245.055,239.085,243.6075,2,4
207,朝風,駆逐艦,https://cdn.wikiwiki.jp/to/w/kancolle/%E6%9C%9D%E9%A2%A8/::ref/272.jpg?rev=cf0e7625b571041d4a080a0cf5c34b62&t=20161120135052,111.895,116.515,123.195,1,2
208,春風,駆逐艦,https://cdn.wikiwiki.jp/to/w/kancolle/%E6%98%A5%E9%A2%A8/::ref/8e.jpg?rev=a161933a43283721a3404fe5665dc16f&t=20160503073842,111.56,116.06,123.56,1,2
209,松風,駆逐艦,https://cdn.wikiwiki.jp/to/w/kancolle/%E6%9D%BE%E9%A2%A8/::ref/274.jpg?rev=fb95d7b45678f257119feccb08adbdb0&t=20170212011646,110.725,116.465,122.405,1,2
210,旗風,駆逐艦,https://cdn.wikiwiki.jp/to/w/kancolle/%E6%97%97%E9%A2%A8/::ref/275.jpg?rev=859cac16e3ca4e5d560ad974f6eb117d&t=20170811010015,107.855,112.695,119.015,1,2
211,睦月,駆逐艦,https://cdn.wikiwiki.jp/to/w/kancolle/%E7%9D%A6%E6%9C%88/::ref/031.jpg?rev=7e3fafe8f7a99299da3a3bad1c304791&t=20130424165740,173.1475,224.005,227.1825,3,1
212,睦月改二,駆逐艦,https://cdn.wikiwiki.jp/to/w/kancolle/%E7%9D%A6%E6%9C%88%E6%94%B9%E4%BA%8C/::ref/234.jpg?rev=fb466cba7af24a2bb03a4d89e0e7df2e&t=20150423003137,238.13,232.765,236.6875,2,4
213,如月,駆逐艦,https://cdn.wikiwiki.jp/to/w/kancolle/%E5%A6%82%E6%9C%88/::ref/032.jpg?rev=e875cbb403a06c5817cf9479df726e05&t=20130424170223,169.5275,207.0475,226.04,3,1
214,如月改二,駆逐艦,https://cdn.wikiwiki.jp/to/w/kancolle/%E5%A6%82%E6%9C%88%E6%94%B9%E4%BA%8C/::ref/kisaragi-kai2.png?rev=0f6037ef2cca5b906f1dde53d9b59ce3&t=20150423004139,240.405,235.2575,237.8075,2,4
215,弥生,駆逐艦,https://cdn.wikiwiki.jp/to/w/kancolle/%E5%BC%A5%E7%94%9F/::ref/yayoi.JPG?rev=33cd747b2a5839a9110f7321ce88f019&t=20140129173446,110.055,113.6775,122.7275,1,2
216,卯月,駆逐艦,https://cdn.wikiwiki.jp/to/w/kancolle/%E5%8D%AF%E6%9C%88/::ref/uzuki.jpg?rev=27177e5aad20504c5e0b539acf26c8fa&t=20140129173001,111.995,115.755,123.475,1,2
217,卯月改,駆逐艦,https://cdn.wikiwiki.jp/to/w/kancolle/%E5%8D%AF%E6%9C%88%E6%94%B9/::ref/165b.png?rev=2792daa6750e214e93c8ab9cee5fa2d0&t=20140304064007,145.11,129.965,80.9875,4,3
218,皐月,駆逐艦,https://cdn.wikiwiki.jp/to/w/kancolle/%E7%9A%90%E6%9C%88/::ref/033.jpg?rev=f1ea5f05d713412d8c3fc67f5fb19778&t=20130424170555,170.235,207.55,227.9975,3,1
219,皐月改二,駆逐艦,https://cdn.wikiwiki.jp/to/w/kancolle/%E7%9A%90%E6%9C%88%E6%94%B9%E4%BA%8C/::ref/218.jpg?rev=dee78fbb2f162dcc96e252b74eb33444&t=20160229182858,244.615,238.68,244.0125,2,4
220,水無月,駆逐艦,https://cdn.wikiwiki.jp/to/w/kancolle/%E6%B0%B4%E7%84%A1%E6%9C%88/::ref/1.jpg?rev=0a49e017fdde355f1a2195644b79da5c&t=20160813023117,108.06,117.56,122.31,1,2
221,文月,駆逐艦,https://cdn.wikiwiki.jp/to/w/kancolle/%E6%96%87%E6%9C%88/::ref/034.jpg?rev=0e5e02893d1c25dd67e13f6f38937253&t=20130425154038,169.5275,207.0475,226.04,3,1
222,文月改二,駆逐艦,https://cdn.wikiwiki.jp/to/w/kancolle/%E6%96%87%E6%9C%88%E6%94%B9%E4%BA%8C/::ref/348.jpg?rev=9a6bb6ba358a245b92dd8d3047f0900b&t=20170731194057,246.83,239.49,245.5875,2,4
223,長月,駆逐艦,https://cdn.wikiwiki.jp/to/w/kancolle/%E9%95%B7%E6%9C%88/::ref/035.jpg?rev=b482c0d927af495a0f27b726223c23fa&t=20130425110523,169.5925,207.375,226.685,3,1
224,菊月,駆逐艦,https://cdn.wikiwiki.jp/to/w/kancolle/%E8%8F%8A%E6%9C%88/::ref/036.jpg?rev=190f850a8f5068caffd410a3981ef78a&t=20130424063922,178.275,197.95,234.4825,3,1
225,三日月,駆逐艦,https://cdn.wikiwiki.jp/to/w/kancolle/%E4%B8%89%E6%97%A5%E6%9C%88/::ref/037.jpg?rev=1500ede3e4554e49b8ac9cd6732fa506&t=20130907194256,178.17,198.12,234.7325,3,1
226,望月,駆逐艦,https://cdn.wikiwiki.jp/to/w/kancolle/%E6%9C%9B%E6%9C%88/::ref/038.jpg?rev=b3b14e9ec95e2f8e10fa64934fec1400&t=20130426092557,177.965,197.915,234.545,3,1
227,吹雪,駆逐艦,https://cdn.wikiwiki.jp/to/w/kancolle/%E5%90%B9%E9%9B%AA/::ref/011.jpg?rev=13c4f0fec6bf326809b27c42f6f2254e&t=20130425025342,157.2975,201.7675,203.8925,3,1
228,吹雪改二,駆逐艦,https://cdn.wikiwiki.jp/to/w/kancolle/%E5%90%B9%E9%9B%AA%E6%94%B9%E4%BA%8C/::ref/226.jpg?rev=99ebb7ae3c619724ca334de71dfbb9cf&t=20150109165539,213.9325,209.415,210.4075,0,4
229,白雪,駆逐艦,https://cdn.wikiwiki.jp/to/w/kancolle/%E7%99%BD%E9%9B%AA/::ref/012.jpg?rev=1085198709a71a52bce6882b76b9c88b&t=20130424064026,170.49,207.2525,227.8325,3,1
230,初雪,駆逐艦,https://cdn.wikiwiki.jp/to/w/kancolle/%E5%88%9D%E9%9B%AA/::ref/013.jpg?rev=706e27645c31714347874fa317c33780&t=20130424083647,177.99,198.1025,234.44,3,1
231,深雪,駆逐艦,https://cdn.wikiwiki.jp/to/w/kancolle/%E6%B7%B1%E9%9B%AA/::ref/014.jpg?rev=70be0c0522390fad0afc00c92f2315cf&t=20130425025504,169.5925,207.375,226.685,3,1
232,叢雲,駆逐艦,https://cdn.wikiwiki.jp/to/w/kancolle/%E5%8F%A2%E9%9B%B2/::ref/015.jpg?rev=b5de1bd3c3312497abcc84c437f09f90&t=20130424083950,169.4575,206.9025,226.8025,3,1
233,叢雲改二,駆逐艦,https://cdn.wikiwiki.jp/to/w/kancolle/%E5%8F%A2%E9%9B%B2%E6%94%B9%E4%BA%8C/::ref/220.png?rev=806c117e17b503d9a5cef14c680014b6&t=20150410191554,245.2925,239.3375,245.155,2,4
234,磯波,駆逐艦,https://cdn.wikiwiki.jp/to/w/kancolle/%E7%A3%AF%E6%B3%A2/::ref/016.jpg?rev=718eaaa5ffa878984ec41a3a458a7106&t=20130424164659,175.125,194.6,229.54,3,1
235,浦波,駆逐艦,https://cdn.wikiwiki.jp/to/w/kancolle/%E6%B5%A6%E6%B3%A2/::ref/uranami.jpg?rev=1d5a3ba649caad9dffc5d63db350661b&t=20160916182507,110.2025,117.1325,122.8225,1,2
236,綾波,駆逐艦,https://cdn.wikiwiki.jp/to/w/kancolle/%E7%B6%BE%E6%B3%A2/::ref/017.jpg?rev=3b8fed2786a0c47842bfa6ddec8c4c3f&t=20130425110251,172.8325,223.955,228.0125,3,1
237,綾波改二,駆逐艦,https://cdn.wikiwiki.jp/to/w/kancolle/%E7%B6%BE%E6%B3%A2%E6%94%B9%E4%BA%8C/::ref/000.png?rev=98674e9b1fc23f43d5af1a3f0612af84&t=20140620162131,245.035,239.6725,243.8625,2,4
238,敷波,駆逐艦,https://cdn.wikiwiki.jp/to/w/kancolle/%E6%95%B7%E6%B3%A2/::ref/018.jpg?rev=ee4d185d5bc92893f392de65cfb7fe48&t=20130424165319,169.5275,207.0475,226.04,3,1
239,天霧,駆逐艦,https://cdn.wikiwiki.jp/to/w/kancolle/%E5%A4%A9%E9%9C%A7/::ref/279.jpg?rev=9eb86e9f457c8094649fd6fbe83696da&t=20170811023015,111.7625,115.5275,123.1975,1,2
240,天霧改,駆逐艦,https://cdn.wikiwiki.jp/to/w/kancolle/%E5%A4%A9%E9%9C%A7%E6%94%B9/::ref/279b_2.jpg?rev=606716c7495ac0c8a21493c2aebee0fb&t=20170912210501,245.915,239.66,245.8625,2,4
241,狭霧,駆逐艦,https://cdn.wikiwiki.jp/to/w/kancolle/%E7%8B%AD%E9%9C%A7/::ref/280.jpg?rev=b2dab5ae21e27d958450654f2134446b&t=20170811013838,111.7625,115.5275,123.1975,1,2
242,朧,駆逐艦,https://cdn.wikiwiki.jp/to/w/kancolle/%E6%9C%A7/::ref/067.jpg?rev=7cc4479033e48b3fc562bbc6b9a59537&t=20130425033728,178.7425,198.37,235.165,3,1
243,朧改,駆逐艦,https://cdn.wikiwiki.jp/to/w/kancolle/%E6%9C%A7%E6%94%B9/::ref/067b_2.png?rev=49d32916896937c526720a61885b54f2&t=20151208172953,117.95,122.27,126.455,1,2
244,曙,駆逐艦,https://cdn.wikiwiki.jp/to/w/kancolle/%E6%9B%99/::ref/068.jpg?rev=effe13fdab46e2dfb5794a10a73891ad&t=20130426131814,178.2975,198.095,234.77,3,1
245,曙改,駆逐艦,https://cdn.wikiwiki.jp/to/w/kancolle/%E6%9B%99%E6%94%B9/::ref/068b2.png?rev=de6dad33a9cd54f0af249f474e6dc7d4&t=20161209205218,112.12,116.99,124.42,1,2
246,漣,駆逐艦,https://cdn.wikiwiki.jp/to/w/kancolle/%E6%BC%A3/::ref/069.jpg?rev=f392a8399826437b45d360aeb8433186&t=20130425160005,170.52,207.43,227.9475,3,1
247,漣改,駆逐艦,https://cdn.wikiwiki.jp/to/w/kancolle/%E6%BC%A3%E6%94%B9/::ref/069b.png?rev=f6eb8d7a4fc75de186e0cba96c04e732&t=20160831184158,112.2525,117.4725,122.9325,1,2
248,潮,駆逐艦,https://cdn.wikiwiki.jp/to/w/kancolle/%E6%BD%AE/::ref/070.jpg?rev=38442a4ca4ac0e23db25938588366f31&t=20130424084401,178.7325,198.935,235.215,3,1
249,潮改二,駆逐艦,https://cdn.wikiwiki.jp/to/w/kancolle/%E6%BD%AE%E6%94%B9%E4%BA%8C/::ref/207.png?rev=27132d1861b7d869ec6510a921832512&t=20141114184448,205.955,201.9375,202.39,0,4
250,暁,駆逐艦,https://cdn.wikiwiki.jp/to/w/kancolle/%E6%9A%81/::ref/071.jpg?rev=b4726252720d4e04fffb4ab8ab922a62&t=20130425111607,172.815,223.96,228.0025,3,1
251,暁改二,駆逐艦,https://cdn.wikiwiki.jp/to/w/kancolle/%E6%9A%81%E6%94%B9%E4%BA%8C/::ref/237.jpg?rev=6a0e421eeda94c807eacf97e0d087e2e&t=20150529165229,244.535,238.75,243.995,2,4
252,響,駆逐艦,https://cdn.wikiwiki.jp/to/w/kancolle/%E9%9F%BF/::ref/072.jpg?rev=1be2761eadfbdc6c09b7a2cfe74d5327&t=20130424054226,169.275,207.0575,226.38,3,1
253,Верный,駆逐艦,https://cdn.wikiwiki.jp/to/w/kancolle/%D0%92%D0%B5%D1%80%D0%BD%D1%8B%D0%B9/::ref/147.jpg?rev=9f6658dc34c19dab0044b99f35deb604&t=20130911203403,245.9025,238.6925,243.4575,2,4
254,雷,駆逐艦,https://cdn.wikiwiki.jp/to/w/kancolle/%E9%9B%B7/::ref/073.jpg?rev=0138e9c92fa530d8ce56a0e4f747265d&t=20130424084544,178.9125,198.97,235.615,3,1
255,電,駆逐艦,https://cdn.wikiwiki.jp/to/w/kancolle/%E9%9B%BB/::ref/074.jpg?rev=0478f36dbe16d2390b7dc6144aafbd86&t=20130424053436,177.925,198.085,234.57,3,1
256,初春,駆逐艦,https://cdn.wikiwiki.jp/to/w/kancolle/%E5%88%9D%E6%98%A5/::ref/075-2.jpg?rev=7f37af6d81703456ba1636c0bde2b6e8&t=20141007155903,199.165,190.6275,208.68,3,1
257,初春改二,駆逐艦,https://cdn.wikiwiki.jp/to/w/kancolle/%E5%88%9D%E6%98%A5%E6%94%B9%E4%BA%8C/::ref/204.jpg?rev=6b1d123b37f3abbac5a10b3e310f336c&t=20141010164120,245.43,238.755,244.105,2,4
258,子日,駆逐艦,https://cdn.wikiwiki.jp/to/w/kancolle/%E5%AD%90%E6%97%A5/::ref/076.jpg?rev=34d0d05da9ecc5d65ef70ba0e677918c&t=20130424162841,170.63,187.5525,223.8025,3,1
259,若葉,駆逐艦,https://cdn.wikiwiki.jp/to/w/kancolle/%E8%8B%A5%E8%91%89/::ref/077.jpg?rev=59e427b2e66cb621e7ae6a6be7bad363&t=20130424060019,169.8875,207.48,227.9475,3,1
260,初霜,駆逐艦,https://cdn.wikiwiki.jp/to/w/kancolle/%E5%88%9D%E9%9C%9C/::ref/078.jpg?rev=7d0a3674a8e94b9af9e94ba62b3c1c40&t=20130426095047,169.5275,207.0475,226.04,3,1
261,初霜改二,駆逐艦,https://cdn.wikiwiki.jp/to/w/kancolle/%E5%88%9D%E9%9C%9C%E6%94%B9%E4%BA%8C/::ref/219.jpg?rev=daa6a67b3ea225753f49d223d8b5bb08&t=20150123174900,244.885,239.1575,244.3525,2,4
262,白露,駆逐艦,https://cdn.wikiwiki.jp/to/w/kancolle/%E7%99%BD%E9%9C%B2/::ref/079.jpg?rev=a15be1c4f4e41ea6b7f110b85611f103&t=20130425112125,172.815,223.96,228.0025,3,1
263,白露改,駆逐艦,https://cdn.wikiwiki.jp/to/w/kancolle/%E7%99%BD%E9%9C%B2%E6%94%B9/::ref/079b.png?rev=5d62fa7acf91a00df5640146e0b18d08&t=20131120160051,111.7775,116.9675,123.2375,1,2
264,白露改二,駆逐艦,https://cdn.wikiwiki.jp/to/w/kancolle/%E7%99%BD%E9%9C%B2%E6%94%B9%E4%BA%8C/::ref/297.png?rev=f3d419cd985ef3f0aae2423e88167a8e&t=20180712223540,236.5775,212.595,189.0775,0,4
265,時雨,駆逐艦,https://cdn.wikiwiki.jp/to/w/kancolle/%E6%99%82%E9%9B%A8/::ref/080.jpg?rev=2ca0b8a440cf594b008e01127113c898&t=20130425160424,170.1075,207.5,228.61,3,1
266,時雨改二,駆逐艦,https://cdn.wikiwiki.jp/to/w/kancolle/%E6%99%82%E9%9B%A8%E6%94%B9%E4%BA%8C/::ref/%E6%99%82%E9%9B%A8%E6%94%B9%E3%83%8B.jpg?rev=a7582643d50a28407c7eaa2532213409&t=20131023165820,245.47,238.1,244.2725,2,4
267,村雨,駆逐艦,https://cdn.wikiwiki.jp/to/w/kancolle/%E6%9D%91%E9%9B%A8/::ref/081.jpg?rev=9b310e22bc248dd117521f134944c10a&t=20130424085328,168.48,205.4325,225.9675,3,1
268,村雨改,駆逐艦,https://cdn.wikiwiki.jp/to/w/kancolle/%E6%9D%91%E9%9B%A8%E6%94%B9/::ref/WS000104_1.JPG?rev=b93de875eacee3abc1f5fd17d074674b&t=20131204160901,132.915,131.9425,132.5275,1,2
269,村雨改二,駆逐艦,https://cdn.wikiwiki.jp/to/w/kancolle/%E6%9D%91%E9%9B%A8%E6%94%B9%E4%BA%8C/::ref/298.jpg?rev=d17fb320c4f0a89c0c4736a5be5c2af7&t=20180117194854,235.865,212.82,188.3125,0,4
270,夕立,駆逐艦,https://cdn.wikiwiki.jp/to/w/kancolle/%E5%A4%95%E7%AB%8B/::ref/082.jpg?rev=c81a999c8cecb7399304aa193520165a&t=20130426190708,170.85,206.385,224.64,3,1
271,夕立改二,駆逐艦,https://cdn.wikiwiki.jp/to/w/kancolle/%E5%A4%95%E7%AB%8B%E6%94%B9%E4%BA%8C/::ref/144%5B2%5D.jpg?rev=4cec63e207deed6a006c2a2d56ba4221&t=20131004170007,245.6075,239.7325,243.305,2,4
272,春雨,駆逐艦,https://cdn.wikiwiki.jp/to/w/kancolle/%E6%98%A5%E9%9B%A8/::ref/205.jpg?rev=e31dbb297250775cb91da04b5a4ee0b3&t=20140809010609,112.305,115.89,123.7475,1,2
273,春雨改,駆逐艦,https://cdn.wikiwiki.jp/to/w/kancolle/%E6%98%A5%E9%9B%A8%E6%94%B9/::ref/harusamekai.png?rev=b56e2c96d5a8c7654b41befc2e655bb1&t=20141201170313,144.62,129.6575,80.72,4,3
274,五月雨,駆逐艦,https://cdn.wikiwiki.jp/to/w/kancolle/%E4%BA%94%E6%9C%88%E9%9B%A8/::ref/083.jpg?rev=35e53ca132cdbd285ec9ba29acd2eb32&t=20130426132325,171.7725,207.69,225.7925,3,1
275,海風,駆逐艦,https://cdn.wikiwiki.jp/to/w/kancolle/%E6%B5%B7%E9%A2%A8/::ref/umikaze.png?rev=ec13336fa5a62bdef4d20fced6c08b95&t=20150811015744,113.6175,117.2875,125.0775,1,2
276,山風,駆逐艦,https://cdn.wikiwiki.jp/to/w/kancolle/%E5%B1%B1%E9%A2%A8/::ref/%E5%B1%B1%E5%B5%90.png?rev=5f8da2292bc4e146f7b5b0b0901814de&t=20161119031607,137.4925,140.96,143.3575,1,2
277,江風,駆逐艦,https://cdn.wikiwiki.jp/to/w/kancolle/%E6%B1%9F%E9%A2%A8/::ref/%E5%81%BD%E6%B1%9F%E9%A2%A8.png?rev=ae2e24caff71df2a557566e1867f159e&t=20150811004150,111.9675,116.265,124.8425,1,2
278,江風改二,駆逐艦,https://cdn.wikiwiki.jp/to/w/kancolle/%E6%B1%9F%E9%A2%A8%E6%94%B9%E4%BA%8C/::ref/%E7%84%A1%E9%A1%8C.jpg?rev=f1b5339b1fbfa6ccc63b56c97ea97d86&t=20160422181447,243.54,238.4975,241.7025,2,4
279,涼風,駆逐艦,https://cdn.wikiwiki.jp/to/w/kancolle/%E6%B6%BC%E9%A2%A8/::ref/084.jpg?rev=7febbba13393c8e228aaa2d730850426&t=20130425160737,173.475,223.85,227.9225,3,1
280,海風改二,駆逐艦,https://cdn.wikiwiki.jp/to/w/kancolle/%E6%B5%B7%E9%A2%A8%E6%94%B9%E4%BA%8C/::ref/387.jpg?rev=f0e6ffcf2cde38a9fa15e557fbb81dde&t=20190625204017,239.86,214.9975,180.65,0,4
281,朝潮,駆逐艦,https://cdn.wikiwiki.jp/to/w/kancolle/%E6%9C%9D%E6%BD%AE/::ref/085.jpg?rev=ec95b35ac0e2298371b6770eb4eec70f&t=20130503111754,172.8325,223.955,228.0125,3,1
282,朝潮改二,駆逐艦,https://cdn.wikiwiki.jp/to/w/kancolle/%E6%9C%9D%E6%BD%AE%E6%94%B9%E4%BA%8C/::ref/263.jpg?rev=9f05cf05b94b2313fcdeacdf201ca906&t=20160630185025,245.5075,238.52,243.9825,2,4
283,朝潮改二丁,駆逐艦,https://cdn.wikiwiki.jp/to/w/kancolle/%E6%9C%9D%E6%BD%AE%E6%94%B9%E4%BA%8C%E4%B8%81/::ref/268.jpg?rev=2847927263306e3bcd4974c64462fb21&t=20160630185222,235.8825,213.56,188.655,0,4
284,大潮,駆逐艦,https://cdn.wikiwiki.jp/to/w/kancolle/%E5%A4%A7%E6%BD%AE/::ref/086.jpg?rev=5b83b392f2bd3ac65bf3adc304a85f8a&t=20130424060532,178.33,198.3875,235.095,3,1
285,大潮改二,駆逐艦,https://cdn.wikiwiki.jp/to/w/kancolle/%E5%A4%A7%E6%BD%AE%E6%94%B9%E4%BA%8C/::ref/%E5%A4%A7%E6%BD%AE%E6%94%B9%E4%BA%8C.png?rev=fa05aa5357d5d950af806dfc6632902a&t=20160401185607,222.925,209.8575,197.8025,0,4
286,満潮,駆逐艦,https://cdn.wikiwiki.jp/to/w/kancolle/%E6%BA%80%E6%BD%AE/::ref/087.jpg?rev=f5b5e96b851256571f88dd16140837d3&t=20130426093130,178.2875,198.3975,235.0125,3,1
287,満潮改二,駆逐艦,https://cdn.wikiwiki.jp/to/w/kancolle/%E6%BA%80%E6%BD%AE%E6%94%B9%E4%BA%8C/::ref/289.jpg?rev=81ccca2ed5e1df8a25463b31b7a7f42b&t=20171025190042,236.15,212.935,187.7925,0,4
288,荒潮,駆逐艦,https://cdn.wikiwiki.jp/to/w/kancolle/%E8%8D%92%E6%BD%AE/::ref/088.jpg?rev=cfc6e7e9ab52f376e7a6e38357a4cfd4&t=20130426091413,178.33,198.3875,235.095,3,1
289,荒潮改二,駆逐艦,https://cdn.wikiwiki.jp/to/w/kancolle/%E8%8D%92%E6%BD%AE%E6%94%B9%E4%BA%8C/::ref/290.jpg?rev=98ddc1f1066146e01c9d6abc5ec7902e&t=20170125190037,235.8025,213.2775,189.34,0,4
290,朝雲,駆逐艦,https://cdn.wikiwiki.jp/to/w/kancolle/%E6%9C%9D%E9%9B%B2/::ref/213.jpg?rev=2e75e79f6a534dfd7c809eadf9203cd8&t=20141114230544,111.33,116.63,121.93,1,2
291,朝雲改,駆逐艦,https://cdn.wikiwiki.jp/to/w/kancolle/%E6%9C%9D%E9%9B%B2%E6%94%B9/::ref/327.jpg?rev=bee7f09a2d3599083706e213aa9be422&t=20141116122748,145.565,129.4125,83.0775,4,3
292,山雲,駆逐艦,https://cdn.wikiwiki.jp/to/w/kancolle/%E5%B1%B1%E9%9B%B2/::ref/kcimgc%20%281%29.JPG?rev=23b8e91067b8138b8f62b4ec6ca3e9b4&t=20141226184658,111.8925,115.735,123.3725,1,2
293,山雲改,駆逐艦,https://cdn.wikiwiki.jp/to/w/kancolle/%E5%B1%B1%E9%9B%B2%E6%94%B9/::ref/kcimgc%5B2%5D_0.jpg?rev=79c6ac6f9b3303e03cf462080862ef07&t=20141226193459,143.9975,128.77,82.0275,4,3
294,峯雲,駆逐艦,https://cdn.wikiwiki.jp/to/w/kancolle/%E5%B3%AF%E9%9B%B2/::ref/383.jpg?rev=9aabb5b078bd6f75e9677b8ddd7ec0bd&t=20181227101045,110.97,116.25,124.115,1,2
295,霰,駆逐艦,https://cdn.wikiwiki.jp/to/w/kancolle/%E9%9C%B0/::ref/089.jpg?rev=5b2a1d4fe1c0f4cdb67be3fc952a52a5&t=20130424064556,178.275,197.95,234.4825,3,1
296,霰改二,駆逐艦,https://cdn.wikiwiki.jp/to/w/kancolle/%E9%9C%B0%E6%94%B9%E4%BA%8C/::ref/198.jpg?rev=314bb2e985d123e4db52873b723e17b0&t=20180406190643,244.86,239.0825,243.26,2,4
297,霞,駆逐艦,https://cdn.wikiwiki.jp/to/w/kancolle/%E9%9C%9E/::ref/090.png?rev=3aa6b2731b365e5f97b5fae228c7e7b8&t=20131015103346,170.71,208.395,229.76,3,1
298,霞改二,駆逐艦,https://cdn.wikiwiki.jp/to/w/kancolle/%E9%9C%9E%E6%94%B9%E4%BA%8C/::ref/264.jpg?rev=ceb82f9a4dcf8b23f62246f8e313f05d&t=20160119171654,245.47,238.46,244.195,2,4
299,霞改二乙,駆逐艦,https://cdn.wikiwiki.jp/to/w/kancolle/%E9%9C%9E%E6%94%B9%E4%BA%8C%E4%B9%99/::ref/270.jpg?rev=eafc7f739a1f619016c62ebe1216f6a5&t=20160119174015,235.5525,213.2625,189.67,0,4
300,陽炎,駆逐艦,https://cdn.wikiwiki.jp/to/w/kancolle/%E9%99%BD%E7%82%8E/::ref/091.jpg?rev=dcf916aaa310e102b6927202be7c256a&t=20130424171625,173.205,223.82,228.2,3,1
301,陽炎改二,駆逐艦,https://cdn.wikiwiki.jp/to/w/kancolle/%E9%99%BD%E7%82%8E%E6%94%B9%E4%BA%8C/::ref/366.jpg?rev=8daa5e999474ba6ada25ce5f1520c754&t=20180423213345,230.325,204.75,180.2675,0,4
302,不知火,駆逐艦,https://cdn.wikiwiki.jp/to/w/kancolle/%E4%B8%8D%E7%9F%A5%E7%81%AB/::ref/092.jpg?rev=733dc204a8c580839e9746421ec3f561&t=20130425033754,170.23,207.36,227.97,3,1
303,不知火改二,駆逐艦,https://cdn.wikiwiki.jp/to/w/kancolle/%E4%B8%8D%E7%9F%A5%E7%81%AB%E6%94%B9%E4%BA%8C/::ref/367.jpg?rev=8efcaa22ce6e88c19d3cdafefbbe9871&t=20180515233011,236.11,212.2925,188.545,0,4
304,黒潮,駆逐艦,https://cdn.wikiwiki.jp/to/w/kancolle/%E9%BB%92%E6%BD%AE/::ref/093.jpg?rev=e96124b8eb52d58c7b676a6eb5c92f9a&t=20130424172340,178.835,198.765,235.4,3,1
305,黒潮改二,駆逐艦,https://cdn.wikiwiki.jp/to/w/kancolle/%E9%BB%92%E6%BD%AE%E6%94%B9%E4%BA%8C/::ref/368.jpg?rev=673418366219ec01df396d5cc1e102d7&t=20180613212006,235.8525,212.5825,188.4425,0,4
306,親潮,駆逐艦,https://cdn.wikiwiki.jp/to/w/kancolle/%E8%A6%AA%E6%BD%AE/::ref/DD_Oyashio_456_Card.jpg?rev=f0aea315729632a8b217ef682ed162d0&t=20160503134031,145.085,128.495,82.655,4,3
307,初風,駆逐艦,https://cdn.wikiwiki.jp/to/w/kancolle/%E5%88%9D%E9%A2%A8/::ref/118hatukaze.png?rev=7b2962b57ba641e8d00d87752136d547&t=20131015103953,111.9375,116.7275,124.4775,1,2
308,雪風,駆逐艦,https://cdn.wikiwiki.jp/to/w/kancolle/%E9%9B%AA%E9%A2%A8/::ref/005.jpg?rev=581ad987c37bb2ee7f3fbc95bae494dd&t=20130425025034,244.8875,238.755,243.84,2,4
309,天津風,駆逐艦,https://cdn.wikiwiki.jp/to/w/kancolle/%E5%A4%A9%E6%B4%A5%E9%A2%A8/::ref/%E5%A4%A9%E6%B4%A5%E9%A2%A8.png?rev=44efcd4b9dde65253e092c1385690870&t=20140424054343,245.865,240.3125,245,2,4
310,天津風改,駆逐艦,https://cdn.wikiwiki.jp/to/w/kancolle/%E5%A4%A9%E6%B4%A5%E9%A2%A8%E6%94%B9/::ref/amatsukaze_1.jpg?rev=2250953659e3fb991aa0bc61be5e5c6d&t=20140424072042,236.6625,216.325,191.5425,0,4
311,時津風,駆逐艦,https://cdn.wikiwiki.jp/to/w/kancolle/%E6%99%82%E6%B4%A5%E9%A2%A8/::ref/186.jpg?rev=8ce29219bab8a4299ae6075ff7da5870&t=20140809013715,144.8,128.9775,81.9075,4,3
312,浦風,駆逐艦,https://cdn.wikiwiki.jp/to/w/kancolle/%E6%B5%A6%E9%A2%A8/::ref/%E6%B5%A6%E9%A2%A8.png?rev=94448eacf947e7c52f2dec31f18e66e0&t=20140523185439,109.885,115.5175,121.8825,1,2
313,浦風丁改,駆逐艦,https://cdn.wikiwiki.jp/to/w/kancolle/%E6%B5%A6%E9%A2%A8%E4%B8%81%E6%94%B9/::ref/356.jpg?rev=809dc564b2bdb720155afa0ef46ef68d&t=20180423211920,239.39,233.6625,238.415,2,4
314,磯風,駆逐艦,https://cdn.wikiwiki.jp/to/w/kancolle/%E7%A3%AF%E9%A2%A8/::ref/167.jpg?rev=a77d31fa53450922c39c0303c0cae67f&t=20140809013542,145.15,128.115,81.445,4,3
315,磯風改,駆逐艦,https://cdn.wikiwiki.jp/to/w/kancolle/%E7%A3%AF%E9%A2%A8%E6%94%B9/::ref/167b.jpg?rev=7de880eaa8f89eb68b8ae26a7516144c&t=20140811181327,245.1675,238.315,244.8175,2,4
316,磯風乙改,駆逐艦,https://cdn.wikiwiki.jp/to/w/kancolle/%E7%A3%AF%E9%A2%A8%E4%B9%99%E6%94%B9/::ref/357.jpg?rev=4be6462156d9aa2f7034dd7d2b58a940&t=20180323191508,235.5625,212.6825,188.4425,0,4
317,浜風,駆逐艦,https://cdn.wikiwiki.jp/to/w/kancolle/%E6%B5%9C%E9%A2%A8/::ref/%EF%BD%8A_0.png?rev=30c77e85a6010ab54f626c8987abd6d9&t=20140328170522,111.67,116.185,122.87,1,2
318,浜風乙改,駆逐艦,https://cdn.wikiwiki.jp/to/w/kancolle/%E6%B5%9C%E9%A2%A8%E4%B9%99%E6%94%B9/::ref/358.jpg?rev=305bafbfdcc1398a4b57ffd0f4cd7983&t=20180323190046,244.5975,239.0275,243.7925,2,4
319,谷風,駆逐艦,https://cdn.wikiwiki.jp/to/w/kancolle/%E8%B0%B7%E9%A2%A8/::ref/tanikaze.png?rev=21bff412840c14721ccb999683882b50&t=20140423200418,111.1025,117.0525,121.2575,1,2
320,谷風丁改,駆逐艦,https://cdn.wikiwiki.jp/to/w/kancolle/%E8%B0%B7%E9%A2%A8%E4%B8%81%E6%94%B9/::ref/359.jpg?rev=2e0f6a2582ea2540538f1ac8cf733ad5&t=20181026200634,243.3575,238.9025,243.2275,2,4
321,野分,駆逐艦,https://cdn.wikiwiki.jp/to/w/kancolle/%E9%87%8E%E5%88%86/::ref/%E9%87%8E%E5%88%86_0.png?rev=c04e756507dc3857bc5263c0570f4d76&t=20141115041754,146.4275,131.915,83.7425,4,3
322,嵐,駆逐艦,https://cdn.wikiwiki.jp/to/w/kancolle/%E5%B5%90/::ref/arashi.jpg?rev=743803d946511dc26be0ad1958b83af3&t=20151118231141,145.9025,128.7975,81.4775,4,3
323,萩風,駆逐艦,https://cdn.wikiwiki.jp/to/w/kancolle/%E8%90%A9%E9%A2%A8/::ref/hagikaze.jpg?rev=7645558f1dd872e910a1da59711edd71&t=20151118231318,145.5425,129.2,82.025,4,3
324,舞風,駆逐艦,https://cdn.wikiwiki.jp/to/w/kancolle/%E8%88%9E%E9%A2%A8/::ref/119%E8%88%9E%E9%A2%A8.png?rev=b1edf38b6dea927873d735974e3ca7c2&t=20131015104027,111.9975,117.1975,123.4975,1,2
325,秋雲,駆逐艦,https://cdn.wikiwiki.jp/to/w/kancolle/%E7%A7%8B%E9%9B%B2/::ref/132.png?rev=ab91a9ce890f2a55a3f1edf1e6388d63&t=20131015104556,113.22,117.0275,120.845,1,2
326,夕雲,駆逐艦,https://cdn.wikiwiki.jp/to/w/kancolle/%E5%A4%95%E9%9B%B2/::ref/133.png?rev=5949a65f283f643ffddb974ab120ee54&t=20131015104643,112.17,117.57,123.1575,1,2
327,夕雲改二,駆逐艦,https://cdn.wikiwiki.jp/to/w/kancolle/%E5%A4%95%E9%9B%B2%E6%94%B9%E4%BA%8C/::ref/342_2nd.jpg?rev=e3ca898bdf1c250e0d873fdb31ced420&t=20181116224936,239.4025,214.915,181.3975,0,4
328,巻雲,駆逐艦,https://cdn.wikiwiki.jp/to/w/kancolle/%E5%B7%BB%E9%9B%B2/::ref/134%5B2%5D.jpg?rev=9e30dfbec153bb1fd83ba1aacebcce04&t=20131016170609,111.7925,116.2825,125.045,1,2
329,巻雲改二,駆逐艦,https://cdn.wikiwiki.jp/to/w/kancolle/%E5%B7%BB%E9%9B%B2%E6%94%B9%E4%BA%8C/::ref/363.jpg?rev=42f16287c08092b972031681bb0fe12b&t=20181116223632,239.425,215.0725,181.58,0,4
330,風雲,駆逐艦,https://cdn.wikiwiki.jp/to/w/kancolle/%E9%A2%A8%E9%9B%B2/::ref/kazagumo.JPG?rev=1c766ef3ab13d06d4e94df3930868c25&t=20150812120342,112.175,115.67,123.41,1,2
331,風雲改二,駆逐艦,https://cdn.wikiwiki.jp/to/w/kancolle/%E9%A2%A8%E9%9B%B2%E6%94%B9%E4%BA%8C/::ref/364.jpg?rev=49286f268fcb2d5d76aa3def8ce2310d&t=20190208204925,239.855,214.6125,181.27,0,4
332,長波,駆逐艦,https://cdn.wikiwiki.jp/to/w/kancolle/%E9%95%B7%E6%B3%A2/::ref/135%5B2%5D.jpg?rev=a75841b79118c14aa8b6b610848ee8ce&t=20131016170533,112.6875,116.6875,122.1875,1,2
333,長波改二,駆逐艦,https://cdn.wikiwiki.jp/to/w/kancolle/%E9%95%B7%E6%B3%A2%E6%94%B9%E4%BA%8C/::ref/343.jpg?rev=0a5365eb78134396589948407e0c6817&t=20171227193553,194.695,176.7425,157.33,5,4
334,高波,駆逐艦,https://cdn.wikiwiki.jp/to/w/kancolle/%E9%AB%98%E6%B3%A2/::ref/c9a42cccb97e79e86f6a.jpg?rev=46a259b5490fc265ebd86dd634003857&t=20150428212058,111.6525,115.945,123.83,1,2
335,高波改,駆逐艦,https://cdn.wikiwiki.jp/to/w/kancolle/%E9%AB%98%E6%B3%A2%E6%94%B9/::ref/224b_2.jpg?rev=061c635a81adddfc1acae852d1b320ee&t=20150626181102,144.9575,130.7325,80.9675,4,3
336,藤波,駆逐艦,https://cdn.wikiwiki.jp/to/w/kancolle/%E8%97%A4%E6%B3%A2/::ref/285.jpg?rev=39e0934aedaaced2dfb202171e4c6994&t=20170212011532,112.455,116.02,123.955,1,2
337,早波,駆逐艦,https://cdn.wikiwiki.jp/to/w/kancolle/%E6%97%A9%E6%B3%A2/::ref/328.jpg?rev=5120702398137efd695e5f87d482e81d&t=20181227101601,111.1175,116.0725,124.2325,1,2
338,浜波,駆逐艦,https://cdn.wikiwiki.jp/to/w/kancolle/%E6%B5%9C%E6%B3%A2/::ref/284.jpg?rev=41f61c3ea0b356ece75044036f683d23&t=20180222132607,111.18,115.5825,123.18,1,2
339,沖波,駆逐艦,https://cdn.wikiwiki.jp/to/w/kancolle/%E6%B2%96%E6%B3%A2/::ref/252.jpg?rev=8be14ab0ea4400ff3819c11320804b13&t=20160211081116,111.3025,115.4575,122.1025,1,2
340,岸波,駆逐艦,https://cdn.wikiwiki.jp/to/w/kancolle/%E5%B2%B8%E6%B3%A2/::ref/327.jpg?rev=785e18f8e0e9ea51b5bb1f56adebffa7&t=20180909211252,111.28,116.0275,123.9775,1,2
341,朝霜,駆逐艦,https://cdn.wikiwiki.jp/to/w/kancolle/%E6%9C%9D%E9%9C%9C/::ref/asasimo.jpg?rev=1bc551573b7effe54c97718d4b0d0e2f&t=20150206221103,111.4825,115.8225,123.6425,1,2
342,朝霜改,駆逐艦,https://cdn.wikiwiki.jp/to/w/kancolle/%E6%9C%9D%E9%9C%9C%E6%94%B9/::ref/asasimokai.jpg?rev=e6defb36c7ef04203c8da10cba0fda0b&t=20150206221119,144.615,129.2225,81.0425,4,3
343,朝霜改二,駆逐艦,https://cdn.wikiwiki.jp/to/w/kancolle/%E6%9C%9D%E9%9C%9C%E6%94%B9%E4%BA%8C/::ref/378.jpg?rev=e6f572e8a44c6407f8d6de7a7185fd40&t=20191025221253,238.665,214.12,181.5525,0,4
344,早霜,駆逐艦,https://cdn.wikiwiki.jp/to/w/kancolle/%E6%97%A9%E9%9C%9C/::ref/209.jpg?rev=dba999e3872c41c1d0e0d605ecc9000e&t=20140809014032,112.0475,116.6125,122.8925,1,2
345,秋霜,駆逐艦,https://cdn.wikiwiki.jp/to/w/kancolle/%E7%A7%8B%E9%9C%9C/::ref/425.png?rev=6220a61a0b1de53bbb6d7a8b1e115fbf&t=20191208034809,111.27,116.255,123.8525,1,2
346,清霜,駆逐艦,https://cdn.wikiwiki.jp/to/w/kancolle/%E6%B8%85%E9%9C%9C/::ref/210.jpg?rev=3575b210fad45bea3aeba11aa0836728&t=20140809014129,112.4275,116.2875,123.7475,1,2
347,秋月,駆逐艦,https://cdn.wikiwiki.jp/to/w/kancolle/%E7%A7%8B%E6%9C%88/::ref/221.png?rev=c67856b934fed840342f01c4729db5f1&t=20141114221334,245.6825,240.1525,244.705,2,4
348,照月,駆逐艦,https://cdn.wikiwiki.jp/to/w/kancolle/%E7%85%A7%E6%9C%88/::ref/222.jpg?rev=62e01fe8c157e9b013030fdbd0838b7c&t=20150812203550,244.84,238.3525,244.8375,2,4
349,涼月,駆逐艦,https://cdn.wikiwiki.jp/to/w/kancolle/%E6%B6%BC%E6%9C%88/::ref/532.jpg?rev=13b23cc64ceeadedc99e0884b826a0c8&t=20171120074134,245.83,239.2875,244.3325,2,4
350,涼月改,駆逐艦,https://cdn.wikiwiki.jp/to/w/kancolle/%E6%B6%BC%E6%9C%88%E6%94%B9/::ref/337.jpg?rev=cffc1f12dcda13b599edcacc59893ea9&t=20171120202332,236.5,212.05,189.7375,0,4
351,初月,駆逐艦,https://cdn.wikiwiki.jp/to/w/kancolle/%E5%88%9D%E6%9C%88/::ref/223.jpg?rev=397720fe6933b21b438bcfb2e0e77cbf&t=20160210220800,246.5,239.4725,246.1725,2,4
352,島風,駆逐艦,https://cdn.wikiwiki.jp/to/w/kancolle/%E5%B3%B6%E9%A2%A8/::ref/010.jpg?rev=7e2088822eb9fdf09e5bbb9ba8284513&t=20130428071030,245.6975,239.4775,244.72,2,4
353,Z1,駆逐艦,https://cdn.wikiwiki.jp/to/w/kancolle/Z1/::ref/Z1.png?rev=9f9436f0afe742c29b3980acfaac70e9&t=20140314203036,145.16,128.7225,83.155,4,3
354,Z1 zwei,駆逐艦,https://cdn.wikiwiki.jp/to/w/kancolle/Z1%20zwei/::ref/Z1_0.PNG?rev=7592c0f0663e54669ae09f31d087355c&t=20140328173759,237.555,214.52,190.705,0,4
355,Z3,駆逐艦,https://cdn.wikiwiki.jp/to/w/kancolle/Z3/::ref/Z3.png?rev=6aa8f96af816d741f7d845b5153b89ee&t=20140314203156,144.57,128.5825,83.0875,4,3
356,Z3 zwei,駆逐艦,https://cdn.wikiwiki.jp/to/w/kancolle/Z3%20zwei/::ref/Z3_zwei.png?rev=89a6ba5fe5b91405211c606697ae7751&t=20140330182135,238.14,212.435,191.1725,0,4
357,Maestrale,駆逐艦,https://cdn.wikiwiki.jp/to/w/kancolle/Maestrale/::ref/375.jpg?rev=8da362e57ef7fb32851b1498b8ea5edd&t=20180913093345,244.105,239.45,243.805,2,4
358,Maestrale改,駆逐艦,https://cdn.wikiwiki.jp/to/w/kancolle/Maestrale%E6%94%B9/::ref/380.png?rev=ab63fcab2d78e48fa5975aef679b9b3e&t=20180914152648,240.805,215.3775,181.4,0,4
359,Grecale,駆逐艦,https://cdn.wikiwiki.jp/to/w/kancolle/Grecale/::ref/414.png?rev=14b4ed61fbc00d8a5ac9337fffba43af&t=20190831052746,244.05,239.24,244.3,2,4
360,Grecale改,駆逐艦,https://cdn.wikiwiki.jp/to/w/kancolle/Grecale%E6%94%B9/::ref/419.png?rev=6f5213accda2410e5b0c0d330b578914&t=20190831162259,240.745,215.1625,181.045,0,4
361,Libeccio,駆逐艦,https://cdn.wikiwiki.jp/to/w/kancolle/Libeccio/::ref/%E3%83%AA%E3%83%99%E3%83%83%E3%83%81%E3%82%AA.png?rev=7094c1f47a1a90978af26d4d7597fdf4&t=20150811203457,233.63,228.3225,233.3425,2,4
362,Samuel B.Roberts,駆逐艦,https://cdn.wikiwiki.jp/to/w/kancolle/Samuel%20B.Roberts/::ref/361.png?rev=da9a9c2f4a4252d90ffa991e426be3a9&t=20180423230733,144.125,127.895,81.0275,4,3
363,Samuel B.Roberts改,駆逐艦,https://cdn.wikiwiki.jp/to/w/kancolle/Samuel%20B.Roberts%E6%94%B9/::ref/361b.jpg?rev=83567525a6611dc5a7f9f241e7aa1532&t=20180424213502,245.0575,238.545,243.8475,2,4
364,Fletcher,駆逐艦,https://cdn.wikiwiki.jp/to/w/kancolle/Fletcher/::ref/396.jpg?rev=a114e56d4396a307e636765c522835c7&t=20190525173245,244.1725,239.4125,243.735,2,4
365,Fletcher改,駆逐艦,https://cdn.wikiwiki.jp/to/w/kancolle/Fletcher%E6%94%B9/::ref/396b.jpg?rev=c7554810f177128e3f0c0606d9313b52&t=20190526143006,240.62,215.2825,180.56,0,4
366,Johnston,駆逐艦,https://cdn.wikiwiki.jp/to/w/kancolle/Johnston/::ref/362.jpg?rev=e64cd094a852819ee067dcf8fe1b8fa0&t=20181227154507,140.14,123.545,76.7975,4,3
367,Johnston改,駆逐艦,https://cdn.wikiwiki.jp/to/w/kancolle/Johnston%E6%94%B9/::ref/362b.jpg?rev=d096a25ecb976f55be6ab3ee564f509e&t=20181227162639,244.69,239.1625,243.0175,2,4
368,Jervis,駆逐艦,https://cdn.wikiwiki.jp/to/w/kancolle/Jervis/::ref/319.jpg?rev=c51fa25c8130c2b2cda9f54eef5b36b9&t=20180217110420,246.1675,238.35,243.825,2,4
369,Jervis改,駆逐艦,https://cdn.wikiwiki.jp/to/w/kancolle/Jervis%E6%94%B9/::ref/319b.jpg?rev=9c0d12017bdc6dbb1e47e7e854d52b32&t=20180217111226,237.2775,211.5825,189.4575,0,4
370,Janus,駆逐艦,https://cdn.wikiwiki.jp/to/w/kancolle/Janus/::ref/320.jpg?rev=4c0574b4953acfe2d1141f542dec12ff&t=20190905001736,244.7525,239.8275,243.475,2,4
371,Ташкент,駆逐艦,https://cdn.wikiwiki.jp/to/w/kancolle/%D0%A2%D0%B0%D1%88%D0%BA%D0%B5%D0%BD%D1%82/::ref/313.jpg?rev=3cc3cb733b57ebd92468303d0ed57d84&t=20180222163322,245.7875,238.075,243.4975,2,4
372,占守,海防艦,https://cdn.wikiwiki.jp/to/w/kancolle/%E5%8D%A0%E5%AE%88/::ref/317.jpg?rev=14af927cf7d075382b25f91edc3edcb7&t=20170503102611,112.4375,116.3275,123.8825,1,2
373,国後,海防艦,https://cdn.wikiwiki.jp/to/w/kancolle/%E5%9B%BD%E5%BE%8C/::ref/318.jpg?rev=d4328607a42fa3e6c023045116882430&t=20170503101048,112.47,116.6825,125.575,1,2
374,八丈,海防艦,https://cdn.wikiwiki.jp/to/w/kancolle/%E5%85%AB%E4%B8%88/::ref/384.jpg?rev=744c5f0bab8cb42ba338c7f043b8d338&t=20190521203632,111.205,116.03,123.9725,1,2
375,石垣,海防艦,https://cdn.wikiwiki.jp/to/w/kancolle/%E7%9F%B3%E5%9E%A3/::ref/385.jpg?rev=b5ef996d9c535b27130f3afb4899b884&t=20190521203834,111.405,115.9575,123.91,1,2
376,択捉,海防艦,https://cdn.wikiwiki.jp/to/w/kancolle/%E6%8A%9E%E6%8D%89/::ref/334.jpg?rev=2f10baaa4d996ebb71e436f5d1434cdb&t=20170504165003,112.845,117.185,125.005,1,2
377,択捉改,海防艦,https://cdn.wikiwiki.jp/to/w/kancolle/%E6%8A%9E%E6%8D%89%E6%94%B9/::ref/334c.jpg?rev=6de53272ab72fed66c2c80f15254bd38&t=20170714194133,146.62,129.2125,82.405,4,3
378,松輪,海防艦,https://cdn.wikiwiki.jp/to/w/kancolle/%E6%9D%BE%E8%BC%AA/::ref/335.jpg?rev=007157b3c9fb16c1c3e40cf84d071083&t=20170812111824,111.125,114.985,123.045,1,2
379,佐渡,海防艦,https://cdn.wikiwiki.jp/to/w/kancolle/%E4%BD%90%E6%B8%A1/::ref/339.jpg?rev=758309ddfe73094840190cf419b7cbee&t=20171118111531,111.8075,116.1475,123.9675,1,2
380,対馬,海防艦,https://cdn.wikiwiki.jp/to/w/kancolle/%E5%AF%BE%E9%A6%AC/::ref/340.jpg?rev=a84c1a42fd8aa7e5ebc90915e4dec5f5&t=20171118112417,112.2625,116.185,124.0225,1,2
381,平戸,海防艦,https://cdn.wikiwiki.jp/to/w/kancolle/%E5%B9%B3%E6%88%B8/::ref/370.png?rev=f7ecfa0991d75e391586e5feb6010fb5&t=20191208034404,111.22,116.1175,123.7975,1,2
382,福江,海防艦,https://cdn.wikiwiki.jp/to/w/kancolle/%E7%A6%8F%E6%B1%9F/::ref/365.jpg?rev=a31a03efd5ca1bc9a97cdcc7efde02bc&t=20180515235917,112.165,116.605,124.125,1,2
383,御蔵,海防艦,https://cdn.wikiwiki.jp/to/w/kancolle/%E5%BE%A1%E8%94%B5/::ref/411.png?rev=aaf29fa6f41c53de34b582ab2133a29a&t=20190831052714,111.3475,116.065,124.085,1,2
384,御蔵改,海防艦,https://cdn.wikiwiki.jp/to/w/kancolle/%E5%BE%A1%E8%94%B5%E6%94%B9/::ref/416.png?rev=9d3dadb04c49541350c5dc344afb3841&t=20190831161121,140.5675,123.345,76.51,4,3
385,日振,海防艦,https://cdn.wikiwiki.jp/to/w/kancolle/%E6%97%A5%E6%8C%AF/::ref/351.jpg?rev=e8b1c97e7fddb617edcabaa40e3f86e9&t=20180217071329,112.0575,115.6575,123.5175,1,2
386,大東,海防艦,https://cdn.wikiwiki.jp/to/w/kancolle/%E5%A4%A7%E6%9D%B1/::ref/352.jpg?rev=553976643a6e1643ac528d93b12ae742&t=20180217105450,112.1475,115.7475,123.6075,1,2
387,伊168,潜水艦,https://cdn.wikiwiki.jp/to/w/kancolle/%E4%BC%8A168/::ref/168i.png?rev=23f3467a1827ff49c75f5d2af2fc4f89&t=20131015104313,174.51,225.35,230.6375,3,1
388,伊8,潜水艦,https://cdn.wikiwiki.jp/to/w/kancolle/%E4%BC%8A8/::ref/128.jpg?rev=813148367261d421b48b7c020835c132&t=20131102183008,141.2,108.39,118.575,1,3
389,伊19,潜水艦,https://cdn.wikiwiki.jp/to/w/kancolle/%E4%BC%8A19/::ref/19.png?rev=110996a646c76206d0e66df53862ea76&t=20131105083556,114.32,120.54,128.26,1,2
390,伊26,潜水艦,https://cdn.wikiwiki.jp/to/w/kancolle/%E4%BC%8A26/::ref/i26.png?rev=5c7e7568f4ed76a5f2e7bda6a215a2de&t=20160813010538,156.445,151.6625,146.975,5,2
391,伊58,潜水艦,https://cdn.wikiwiki.jp/to/w/kancolle/%E4%BC%8A58/::ref/58i.png?rev=72bd83324ec5cf5a66942b3a80387ed2&t=20131015104401,113.3275,120.2675,127.8275,1,2
392,U-511,潜水艦,https://cdn.wikiwiki.jp/to/w/kancolle/U-511/::ref/kcimgc.jpg?rev=453d15f5af38615b972432cceee0182f&t=20150206215911,147.3275,132.265,85.1075,4,3
393,呂500,潜水艦,https://cdn.wikiwiki.jp/to/w/kancolle/%E5%91%82500/::ref/Ro500.jpg?rev=5d9bb23c3741c494bf477399ed6d7c51&t=20150209032923,237.735,212.9675,191.54,0,4
394,まるゆ,潜水艦,https://cdn.wikiwiki.jp/to/w/kancolle/%E3%81%BE%E3%82%8B%E3%82%86/::ref/maruyu.jpg?rev=aba74dbcf1f2926866c7a73595e62cbc&t=20131224132611,148.2575,134.28,88.4125,4,3
395,Luigi Torelli,潜水艦,https://cdn.wikiwiki.jp/to/w/kancolle/Luigi%20Torelli/::ref/325.jpg?rev=f99bbe3b7c0b7a2f0883d18bb085d288&t=20170812140018,115.09,118.855,126.525,1,2
396,Luigi Torelli改,潜水艦,https://cdn.wikiwiki.jp/to/w/kancolle/Luigi%20Torelli%E6%94%B9/::ref/325b.jpg?rev=ad413608a73f8954c3f7abd3826c8596&t=20170814113301,145.6775,132.7525,84.585,4,3
397,UIT-25,潜水艦,https://cdn.wikiwiki.jp/to/w/kancolle/UIT-25/::ref/UIT-25.jpg?rev=be61e15808fd293128e90d8d9e7d050b&t=20170814221949,245.7825,240.475,244.255,2,4
398,伊504,潜水艦,https://cdn.wikiwiki.jp/to/w/kancolle/%E4%BC%8A504/::ref/330.jpg?rev=174a652b09762a035c8bc365d590e4dc&t=20170815103033,237.5775,213.4225,189.515,0,4
399,伊8改,潜水空母,https://cdn.wikiwiki.jp/to/w/kancolle/%E4%BC%8A8%E6%94%B9/::ref/128b.jpg?rev=c7eb9bef827dfa976d281e3a55c9950b&t=20131104054400,141.6325,110.0175,120.065,1,4
400,伊19改,潜水空母,https://cdn.wikiwiki.jp/to/w/kancolle/%E4%BC%8A19%E6%94%B9/::ref/401%5B2%5D.jpg?rev=8b201c724a0bb1076926efef99d47beb&t=20131102121219,144.265,127.0875,80.045,4,3
401,伊26改,潜水空母,https://cdn.wikiwiki.jp/to/w/kancolle/%E4%BC%8A26%E6%94%B9/::ref/%E3%81%8B%E3%82%8F%E3%81%84%E3%81%84....jpg?rev=3de6d812904cf61ae67c0a2efac7d36e&t=20160813182819,182.9975,162.48,128.4425,5,3
402,伊58改,潜水空母,https://cdn.wikiwiki.jp/to/w/kancolle/%E4%BC%8A58%E6%94%B9/::ref/i58kai.png?rev=efb44d5817888f6b46c460dc6b8f72fd&t=20130807051350,143.2975,126.295,81.9525,4,3
403,伊400,潜水空母,https://cdn.wikiwiki.jp/to/w/kancolle/%E4%BC%8A400/::ref/293.jpg?rev=fff49d002e1515b011de7e48cfc592e8&t=20171118111835,245.37,238.415,243.8575,2,4
404,伊401,潜水空母,https://cdn.wikiwiki.jp/to/w/kancolle/%E4%BC%8A401/::ref/%E4%BC%8A401%E3%80%8002.PNG?rev=b8e021ba1e814190ce079643217c71b1&t=20131224170831,245.0975,237.3525,241.7825,2,4
405,伊13,潜水空母,https://cdn.wikiwiki.jp/to/w/kancolle/%E4%BC%8A13/::ref/294.png?rev=fc298cf4c687f6cd04d1859c1ffc53ad&t=20170213004906,144.0475,125.635,80.4725,4,3
406,伊13改,潜水空母,https://cdn.wikiwiki.jp/to/w/kancolle/%E4%BC%8A13%E6%94%B9/::ref/294b.jpg?rev=c39652021df90b7c1045fe7314195a78&t=20170213194839,237.5725,212.1675,187.33,0,4
407,伊14,潜水空母,https://cdn.wikiwiki.jp/to/w/kancolle/%E4%BC%8A14/::ref/295.jpg?rev=605b489d61a0d172c3409c5fc4c7204d&t=20170213003323,245.72,238.7,245.4975,2,4
408,伊14改,潜水空母,https://cdn.wikiwiki.jp/to/w/kancolle/%E4%BC%8A14%E6%94%B9/::ref/295b.jpg?rev=99dda68a41cf9acc4ca8fb24bb9d03c6&t=20170213193740,237.4,211.48,187.13,0,4
409,神威改,水上機母艦,https://cdn.wikiwiki.jp/to/w/kancolle/%E7%A5%9E%E5%A8%81%E6%94%B9/::ref/299.jpg?rev=f487eeecebeef958f728b2d85c428451&t=20170504174723,142.3,128.2625,83.13,4,3
410,千歳,水上機母艦,https://cdn.wikiwiki.jp/to/w/kancolle/%E5%8D%83%E6%AD%B3/::ref/049.jpg?rev=3241460252ef6b4ee8726738b3df14ce&t=20130425110809,172.4225,208.3675,227.3425,3,1
411,千歳改,水上機母艦,https://cdn.wikiwiki.jp/to/w/kancolle/%E5%8D%83%E6%AD%B3%E6%94%B9/::ref/095.jpg?rev=92eb92e9882a36aa10602b1fd02be621&t=20130501105752,175.1325,224.36,228.935,3,1
412,千歳甲,水上機母艦,https://cdn.wikiwiki.jp/to/w/kancolle/%E5%8D%83%E6%AD%B3%E7%94%B2/::ref/099.jpg?rev=32a45f0223ba02c53cabc230e2990928&t=20130502211135,175.1325,224.36,228.935,3,1
413,千代田,水上機母艦,https://cdn.wikiwiki.jp/to/w/kancolle/%E5%8D%83%E4%BB%A3%E7%94%B0/::ref/050.jpg?rev=5e6d2e42ac21fb93582d47cb06198e7d&t=20130427204427,180.5875,199.9025,234.7275,3,1
414,千代田改,水上機母艦,https://cdn.wikiwiki.jp/to/w/kancolle/%E5%8D%83%E4%BB%A3%E7%94%B0%E6%94%B9/::ref/096.jpg?rev=454b6d00f460b11f8c75a3055929a9da&t=20130504225430,132.6425,164.585,166.6325,5,1
415,千代田甲,水上機母艦,https://cdn.wikiwiki.jp/to/w/kancolle/%E5%8D%83%E4%BB%A3%E7%94%B0%E7%94%B2/::ref/100.jpg?rev=1fda3e4552306f6eb02a12237f321ec0&t=20130504225828,132.6425,164.585,166.6325,5,1
416,瑞穂,水上機母艦,https://cdn.wikiwiki.jp/to/w/kancolle/%E7%91%9E%E7%A9%82/::ref/WS000007.JPG?rev=e860f10a11668f24e1aa3b9ccb00abf1&t=20150811065813,150.8175,136.8575,88.7175,4,3
417,日進,水上機母艦,https://cdn.wikiwiki.jp/to/w/kancolle/%E6%97%A5%E9%80%B2/::ref/381.jpg?rev=053295a9bd28f05b419c9a6c135df3e8&t=20181227153846,244.3,239.425,243.3625,2,4
418,日進甲,水上機母艦,https://cdn.wikiwiki.jp/to/w/kancolle/%E6%97%A5%E9%80%B2%E7%94%B2/::ref/386.jpg?rev=4bd0992c736e648f218633ff27204143&t=20181229063903,237.91,215.4475,182.43,0,4
419,秋津洲,水上機母艦,https://cdn.wikiwiki.jp/to/w/kancolle/%E7%A7%8B%E6%B4%A5%E6%B4%B2/::ref/kcimgc.jpg?rev=72a7362130b48bdf67156fb2435921ff&t=20150429113248,219.6,195.645,175.1775,0,4
420,秋津洲改,水上機母艦,https://cdn.wikiwiki.jp/to/w/kancolle/%E7%A7%8B%E6%B4%A5%E6%B4%B2%E6%94%B9/::ref/1a9049ebeec589d667e07780b7b3c63d.png?rev=1a9049ebeec589d667e07780b7b3c63d&t=20150429232507,221.36,197.895,176.54,0,4
421,Commandant Teste,水上機母艦,https://cdn.wikiwiki.jp/to/w/kancolle/Commandant%20Teste/::ref/291.png?rev=6b8bbe20cb2cdc651f578adac2dd04d7&t=20161119193020,246.6975,238.38,244.9275,2,4
422,神威,補給艦,https://cdn.wikiwiki.jp/to/w/kancolle/%E7%A5%9E%E5%A8%81/::ref/162.jpg?rev=ad50dd161a34c639d8555948d423eb93&t=20170503102206,114.3325,117.8925,125.1675,1,2
423,神威改母,補給艦,https://cdn.wikiwiki.jp/to/w/kancolle/%E7%A5%9E%E5%A8%81%E6%94%B9%E6%AF%8D/::ref/300.jpg?rev=21956fa57b1f37cb4d7f7be36e449af4&t=20170504220823,245.61,238.315,245.325,2,4
424,速吸,補給艦,https://cdn.wikiwiki.jp/to/w/kancolle/%E9%80%9F%E5%90%B8/::ref/260.jpg?rev=537fc766a308ce3e2311f9b3f21b796d&t=20170912213555,245.565,240.4525,244.02,2,4
425,速吸改,補給艦,https://cdn.wikiwiki.jp/to/w/kancolle/%E9%80%9F%E5%90%B8%E6%94%B9/::ref/manager.jpg?rev=4493e0cace3284aeae9b4e7381ceda8f&t=20150812132826,235.3975,213.91,189.6675,0,4
426,神州丸,揚陸艦,https://cdn.wikiwiki.jp/to/w/kancolle/%E7%A5%9E%E5%B7%9E%E4%B8%B8/::ref/421.png?rev=bd2b04165627f306335ac2657de15e92&t=20191130154434,199.7425,189.8825,187.1275,5,4
427,神州丸改,揚陸艦,https://cdn.wikiwiki.jp/to/w/kancolle/%E7%A5%9E%E5%B7%9E%E4%B8%B8%E6%94%B9/::ref/426.png?rev=850be6748a1fe41577115ced68290112&t=20191201095038,197.3975,174.045,147.4425,5,4
428,あきつ丸,揚陸艦,https://cdn.wikiwiki.jp/to/w/kancolle/%E3%81%82%E3%81%8D%E3%81%A4%E4%B8%B8/::ref/akitsumaru.png?rev=ff7b5649b783efc225943f890a1cebf1&t=20131224143512,147.4,131.5725,84.4325,4,3
429,あきつ丸改,揚陸艦,https://cdn.wikiwiki.jp/to/w/kancolle/%E3%81%82%E3%81%8D%E3%81%A4%E4%B8%B8%E6%94%B9/::ref/166.png?rev=39d581af817a8fd9350d09a2e79a1e39&t=20131224162046,246.7,239.245,245.6975,2,4
430,明石,その他（工作艦・潜水母艦）,https://cdn.wikiwiki.jp/to/w/kancolle/%E6%98%8E%E7%9F%B3/::ref/%E6%98%8E%E7%9F%B33.png?rev=bab404ca621d033a490f713bfbbea419&t=20140423220202,245.6,239.0575,241.9925,2,4
431,明石改,その他（工作艦・潜水母艦）,https://cdn.wikiwiki.jp/to/w/kancolle/%E6%98%8E%E7%9F%B3%E6%94%B9/::ref/%E6%98%8E%E7%9F%B3%E6%94%B9.jpg?rev=6765fb8cce8f45001027bcd622e608d8&t=20140424060228,234.87,215.43,192.905,0,4
432,大鯨,その他（工作艦・潜水母艦）,https://cdn.wikiwiki.jp/to/w/kancolle/%E5%A4%A7%E9%AF%A8/::ref/1402039829907.jpg?rev=ab4322b0bc9e15efe1dd245245917fed&t=20140606165509,115.4375,119.2975,127.0375,1,2
433,Bismarck,海外艦,https://cdn.wikiwiki.jp/to/w/kancolle/Bismarck/::ref/Bismarck.jpg?rev=7d53edd9760d0066b8fc1132d010f242&t=20140314214117,114.3,100.83,90.9475,6,4
434,Bismarck改,海外艦,https://cdn.wikiwiki.jp/to/w/kancolle/Bismarck%E6%94%B9/::ref/Bismarck%E6%94%B9.png?rev=5cbc5175e7c9b5cd109cfd14835d1800&t=20140315005505,113.5225,100.9075,91.465,6,4
435,Bismarck zwei,海外艦,https://cdn.wikiwiki.jp/to/w/kancolle/Bismarck%20zwei/::ref/Bismarck_zwei.png?rev=20459805f439708e353060e5071b2caf&t=20140430190606,111.795,102.035,87.015,6,4
436,Bismarck drei,海外艦,https://cdn.wikiwiki.jp/to/w/kancolle/Bismarck%20drei/::ref/bisdrei_0.png?rev=cfaa1fb141f3ba0c1b04391d9bee952c&t=20140926175422,237.77,213.4875,189.6125,0,4
437,Graf Zeppelin,海外艦,https://cdn.wikiwiki.jp/to/w/kancolle/Graf%20Zeppelin/::ref/CV_Graf_Zeppelin_432_Card_1.jpg?rev=f26fb1544727181ae935cdce25ae97f2&t=20151119003749,235.37,211.5625,189.84,0,4
438,Graf Zeppelin改,海外艦,https://cdn.wikiwiki.jp/to/w/kancolle/Graf%20Zeppelin%E6%94%B9/::ref/232%E6%94%B9.jpg?rev=daee4f8710054f91f73947c5d85346af&t=20151119192903,236.0825,211.735,188.215,0,4
439,Prinz Eugen,海外艦,https://cdn.wikiwiki.jp/to/w/kancolle/Prinz%20Eugen/::ref/Prinz%20Eugen.png?rev=24d8911d89b79d72530be0b5eba68651&t=20141114230435,244.33,238.91,242.125,2,4
440,Prinz Eugen改,海外艦,https://cdn.wikiwiki.jp/to/w/kancolle/Prinz%20Eugen%E6%94%B9/::ref/prin%20ketsu.png?rev=50077d30ef018a30e830cc922fef4a02&t=20141117193119,237.8425,215.3475,189.7675,0,4
441,Z1,海外艦,https://cdn.wikiwiki.jp/to/w/kancolle/Z1/::ref/Z1.png?rev=9f9436f0afe742c29b3980acfaac70e9&t=20140314203036,145.16,128.7225,83.155,4,3
442,Z1 zwei,海外艦,https://cdn.wikiwiki.jp/to/w/kancolle/Z1%20zwei/::ref/Z1_0.PNG?rev=7592c0f0663e54669ae09f31d087355c&t=20140328173759,237.555,214.52,190.705,0,4
443,Z3,海外艦,https://cdn.wikiwiki.jp/to/w/kancolle/Z3/::ref/Z3.png?rev=6aa8f96af816d741f7d845b5153b89ee&t=20140314203156,144.57,128.5825,83.0875,4,3
444,Z3 zwei,海外艦,https://cdn.wikiwiki.jp/to/w/kancolle/Z3%20zwei/::ref/Z3_zwei.png?rev=89a6ba5fe5b91405211c606697ae7751&t=20140330182135,238.14,212.435,191.1725,0,4
445,U-511,海外艦,https://cdn.wikiwiki.jp/to/w/kancolle/U-511/::ref/kcimgc.jpg?rev=453d15f5af38615b972432cceee0182f&t=20150206215911,147.3275,132.265,85.1075,4,3
446,Littorio,海外艦,https://cdn.wikiwiki.jp/to/w/kancolle/Littorio/::ref/%E3%83%AA%E3%83%83%E3%83%88%E3%83%AA%E3%82%AA.jpg?rev=f74ebfa8a57e565bc9012609c6ceeaf2&t=20150428235443,245.34,238.535,244.24,2,4
447,Italia,海外艦,https://cdn.wikiwiki.jp/to/w/kancolle/Italia/::ref/%E3%82%A4%E3%82%BF%E3%83%AA%E3%82%A2.jpg?rev=d08386a2d4c5e45f93816bccffbf9fba&t=20150429173150,238.3275,211.81,191.28,0,4
448,Roma,海外艦,https://cdn.wikiwiki.jp/to/w/kancolle/Roma/::ref/%E3%83%AD%E3%83%BC%E3%83%9E.jpg?rev=f41246eb0814c1bdf497cf2c503f23c0&t=20150428235749,245.88,239.3375,245.8025,2,4
449,Roma改,海外艦,https://cdn.wikiwiki.jp/to/w/kancolle/Roma%E6%94%B9/::ref/Roma%E6%94%B9.jpg?rev=a9bf8a64a4f290d041ade35b82fbc754&t=20150501090825,237.825,212.3425,190.2875,0,4
450,Aquila,海外艦,https://cdn.wikiwiki.jp/to/w/kancolle/Aquila/::ref/mig-1.jpg?rev=84a1a2924e355480dc4ae9ce1a8945bf&t=20160813022131,234.4125,210.3775,188.88,0,4
451,Zara,海外艦,https://cdn.wikiwiki.jp/to/w/kancolle/Zara/::ref/1455112157973_4.png?rev=cfb906d87d6a14ad802460a9944ba84a&t=20160210225643,246.3025,238.84,245.3775,2,4
452,Zara due,海外艦,https://cdn.wikiwiki.jp/to/w/kancolle/Zara%20due/::ref/296.jpg?rev=da4b041d59cc834dd016d0962972476b&t=20170228190744,235.905,212.41,188.825,0,4
453,Pola,海外艦,https://cdn.wikiwiki.jp/to/w/kancolle/Pola/::ref/249.jpg?rev=f21cf4220b3227d2d7e9c0c736791456&t=20160504131654,246.425,239.54,244.8675,2,4
454,L.d.S.D.d.Abruzzi,海外艦,https://cdn.wikiwiki.jp/to/w/kancolle/L.d.S.D.d.Abruzzi/::ref/389.png?rev=d2ea77f7aa7cd72dbbadb7b0d13314f8&t=20190831052509,244.6775,239.7475,243.375,2,4
455,G.Garibaldi,海外艦,https://cdn.wikiwiki.jp/to/w/kancolle/G.Garibaldi/::ref/390-2.png?rev=3da7e45eb310a1ccea3a93e9eaf1255a&t=20190524194306,244.745,239.5525,243.3775,2,4
456,G.Garibaldi改,海外艦,https://cdn.wikiwiki.jp/to/w/kancolle/G.Garibaldi%E6%94%B9/::ref/390b-2.png?rev=0863715093e231233d326615ad8adeea&t=20190524194221,241.085,215.06,180.95,0,4
457,Maestrale,海外艦,https://cdn.wikiwiki.jp/to/w/kancolle/Maestrale/::ref/375.jpg?rev=8da362e57ef7fb32851b1498b8ea5edd&t=20180913093345,244.105,239.45,243.805,2,4
458,Maestrale改,海外艦,https://cdn.wikiwiki.jp/to/w/kancolle/Maestrale%E6%94%B9/::ref/380.png?rev=ab63fcab2d78e48fa5975aef679b9b3e&t=20180914152648,240.805,215.3775,181.4,0,4
459,Grecale,海外艦,https://cdn.wikiwiki.jp/to/w/kancolle/Grecale/::ref/414.png?rev=14b4ed61fbc00d8a5ac9337fffba43af&t=20190831052746,244.05,239.24,244.3,2,4
460,Grecale改,海外艦,https://cdn.wikiwiki.jp/to/w/kancolle/Grecale%E6%94%B9/::ref/419.png?rev=6f5213accda2410e5b0c0d330b578914&t=20190831162259,240.745,215.1625,181.045,0,4
461,Libeccio,海外艦,https://cdn.wikiwiki.jp/to/w/kancolle/Libeccio/::ref/%E3%83%AA%E3%83%99%E3%83%83%E3%83%81%E3%82%AA.png?rev=7094c1f47a1a90978af26d4d7597fdf4&t=20150811203457,233.63,228.3225,233.3425,2,4
462,Luigi Torelli,海外艦,https://cdn.wikiwiki.jp/to/w/kancolle/Luigi%20Torelli/::ref/325.jpg?rev=f99bbe3b7c0b7a2f0883d18bb085d288&t=20170812140018,115.09,118.855,126.525,1,2
463,Luigi Torelli改,海外艦,https://cdn.wikiwiki.jp/to/w/kancolle/Luigi%20Torelli%E6%94%B9/::ref/325b.jpg?rev=ad413608a73f8954c3f7abd3826c8596&t=20170814113301,145.6775,132.7525,84.585,4,3
464,UIT-25,海外艦,https://cdn.wikiwiki.jp/to/w/kancolle/UIT-25/::ref/UIT-25.jpg?rev=be61e15808fd293128e90d8d9e7d050b&t=20170814221949,245.7825,240.475,244.255,2,4
465,Colorado,海外艦,https://cdn.wikiwiki.jp/to/w/kancolle/Colorado/::ref/401.jpg?rev=caa38018e98157f0e467c0708be77bd8&t=20190525173042,233.435,208.5175,179.5275,0,4
466,Colorado改,海外艦,https://cdn.wikiwiki.jp/to/w/kancolle/Colorado%E6%94%B9/::ref/401b.jpg?rev=d34a564dbdf0e55eca32ffca33952381&t=20190526195756,233.43,210.1275,174.01,0,4
467,Iowa,海外艦,https://cdn.wikiwiki.jp/to/w/kancolle/Iowa/::ref/Iowa%EF%BD%83%EF%BD%81%EF%BD%92%EF%BD%84_1.png?rev=95487a6689d88ce9cf79ece92664be5c&t=20160505171803,237.845,214.5,190.005,0,4
468,Saratoga,海外艦,https://cdn.wikiwiki.jp/to/w/kancolle/Saratoga/::ref/sara.jpg?rev=166faa57332f717424d04e93d3da5332&t=20161120025002,246.1925,238.3575,244.4375,2,4
469,Saratoga改,海外艦,https://cdn.wikiwiki.jp/to/w/kancolle/Saratoga%E6%94%B9/::ref/IMG_1937_0.JPG?rev=11abfd4ac4b8841b945ce9cc31c14412&t=20161120110755,235.595,212.415,194.44,0,4
470,Saratoga Mk.II,海外艦,https://cdn.wikiwiki.jp/to/w/kancolle/Saratoga%20Mk.II/::ref/345.jpg?rev=6fccfb736adf8e6a094fb1563b6e59e5&t=20170912204921,235.6575,212.8175,186.89,0,4
471,Saratoga Mk.II Mod.2,海外艦,https://cdn.wikiwiki.jp/to/w/kancolle/Saratoga%20Mk.II%20Mod.2/::ref/350.jpg?rev=de36e0cf36d5eda845eeec211a820844&t=20170912210147,236.1175,212.3825,188.5425,0,4
472,Intrepid,海外艦,https://cdn.wikiwiki.jp/to/w/kancolle/Intrepid/::ref/349.jpg?rev=4b9d8dfb624935c421bb69b59c903a27&t=20180222172959,237.4575,211.135,186.5125,0,4
473,Intrepid改,海外艦,https://cdn.wikiwiki.jp/to/w/kancolle/Intrepid%E6%94%B9/::ref/349b.jpg?rev=98f854cf204ca4bddd3b08fd92678cec&t=20180227193832,196.5375,178.47,167.51,5,4
474,Gambier Bay,海外艦,https://cdn.wikiwiki.jp/to/w/kancolle/Gambier%20Bay/::ref/344.jpg?rev=74d42cf80f055750ee7ff556215c2f1b&t=20180217083039,142.4575,125.8625,79.0375,4,3
475,Houston,海外艦,https://cdn.wikiwiki.jp/to/w/kancolle/Houston/::ref/395.png?rev=ed36935d46492c4c3d9a7e841d3c46ac&t=20191130154520,245.2875,239.7625,243.255,2,4
476,Houston改,海外艦,https://cdn.wikiwiki.jp/to/w/kancolle/Houston%E6%94%B9/::ref/400.png?rev=13749f6ca9cafdc238035ef94c55c2fc&t=20191202181009,239.8025,214.9475,181.4675,0,4
477,Atlanta,海外艦,https://cdn.wikiwiki.jp/to/w/kancolle/Atlanta/::ref/397.png?rev=fafcecdc2edc656d9baa305ca9aa5fb5&t=20191208051047,245.3125,239.5725,243.275,2,4
478,Samuel B.Roberts,海外艦,https://cdn.wikiwiki.jp/to/w/kancolle/Samuel%20B.Roberts/::ref/361.png?rev=da9a9c2f4a4252d90ffa991e426be3a9&t=20180423230733,144.125,127.895,81.0275,4,3
479,Samuel B.Roberts改,海外艦,https://cdn.wikiwiki.jp/to/w/kancolle/Samuel%20B.Roberts%E6%94%B9/::ref/361b.jpg?rev=83567525a6611dc5a7f9f241e7aa1532&t=20180424213502,245.0575,238.545,243.8475,2,4
480,Fletcher,海外艦,https://cdn.wikiwiki.jp/to/w/kancolle/Fletcher/::ref/396.jpg?rev=a114e56d4396a307e636765c522835c7&t=20190525173245,244.1725,239.4125,243.735,2,4
481,Fletcher改,海外艦,https://cdn.wikiwiki.jp/to/w/kancolle/Fletcher%E6%94%B9/::ref/396b.jpg?rev=c7554810f177128e3f0c0606d9313b52&t=20190526143006,240.62,215.2825,180.56,0,4
482,Johnston,海外艦,https://cdn.wikiwiki.jp/to/w/kancolle/Johnston/::ref/362.jpg?rev=e64cd094a852819ee067dcf8fe1b8fa0&t=20181227154507,140.14,123.545,76.7975,4,3
483,Johnston改,海外艦,https://cdn.wikiwiki.jp/to/w/kancolle/Johnston%E6%94%B9/::ref/362b.jpg?rev=d096a25ecb976f55be6ab3ee564f509e&t=20181227162639,244.69,239.1625,243.0175,2,4
484,Warspite,海外艦,https://cdn.wikiwiki.jp/to/w/kancolle/Warspite/::ref/239.jpg?rev=432f4d8c89997ec96c53b01182110eec&t=20160814005710,235.95,214.1725,190.7625,0,4
485,Nelson,海外艦,https://cdn.wikiwiki.jp/to/w/kancolle/Nelson/::ref/371.jpg?rev=5a29afd09157d80e6823c2e99134d4d0&t=20180913132516,239.935,214.9275,181.1125,0,4
486,Nelson改,海外艦,https://cdn.wikiwiki.jp/to/w/kancolle/Nelson%E6%94%B9/::ref/376.jpg?rev=3f66ad418859bb0bc260f980ca4e2e8f&t=20180915003030,239.475,215.2775,180.905,0,4
487,Ark Royal,海外艦,https://cdn.wikiwiki.jp/to/w/kancolle/Ark%20Royal/::ref/315.jpg?rev=edc0f1eda9f6cbac8242bd842a44251b&t=20170812152106,237.4425,211.2275,186.96,0,4
488,Jervis,海外艦,https://cdn.wikiwiki.jp/to/w/kancolle/Jervis/::ref/319.jpg?rev=c51fa25c8130c2b2cda9f54eef5b36b9&t=20180217110420,246.1675,238.35,243.825,2,4
489,Jervis改,海外艦,https://cdn.wikiwiki.jp/to/w/kancolle/Jervis%E6%94%B9/::ref/319b.jpg?rev=9c0d12017bdc6dbb1e47e7e854d52b32&t=20180217111226,237.2775,211.5825,189.4575,0,4
490,Janus,海外艦,https://cdn.wikiwiki.jp/to/w/kancolle/Janus/::ref/320.jpg?rev=4c0574b4953acfe2d1141f542dec12ff&t=20190905001736,244.7525,239.8275,243.475,2,4
491,Richelieu,海外艦,https://cdn.wikiwiki.jp/to/w/kancolle/Richelieu/::ref/292.jpg?rev=1cdd945a24c00bf0906a69a58a24f9cd&t=20170811071919,237.595,212.525,189.4225,0,4
492,Commandant Teste,海外艦,https://cdn.wikiwiki.jp/to/w/kancolle/Commandant%20Teste/::ref/291.png?rev=6b8bbe20cb2cdc651f578adac2dd04d7&t=20161119193020,246.6975,238.38,244.9275,2,4
493,Гангут,海外艦,https://cdn.wikiwiki.jp/to/w/kancolle/%D0%93%D0%B0%D0%BD%D0%B3%D1%83%D1%82/::ref/%D0%93%D0%B0%D0%BD%D0%B3%D1%83%D1%82.png?rev=307acdc92d180811d5b2ca5e8b4aa184&t=20170504084328,146.7975,131.5675,85.0425,4,3
494,Октябрьская революция,海外艦,https://cdn.wikiwiki.jp/to/w/kancolle/%D0%9E%D0%BA%D1%82%D1%8F%D0%B1%D1%80%D1%8C%D1%81%D0%BA%D0%B0%D1%8F%20%D1%80%D0%B5%D0%B2%D0%BE%D0%BB%D1%8E%D1%86%D0%B8%D1%8F/::ref/312.jpg?rev=2157809ebf39b6035212de0d08f2e0e5&t=20170504174252,245.58,238.5925,245.0175,2,4
495,Гангут два,海外艦,https://cdn.wikiwiki.jp/to/w/kancolle/%D0%93%D0%B0%D0%BD%D0%B3%D1%83%D1%82%20%D0%B4%D0%B2%D0%B0/::ref/316.jpg?rev=a6e7e9d3053118ed669380ec8bc9ca4c&t=20170504220456,237.8325,213.0275,190.2625,0,4
496,Ташкент,海外艦,https://cdn.wikiwiki.jp/to/w/kancolle/%D0%A2%D0%B0%D1%88%D0%BA%D0%B5%D0%BD%D1%82/::ref/313.jpg?rev=3cc3cb733b57ebd92468303d0ed57d84&t=20180222163322,245.7875,238.075,243.4975,2,4
497,Gotland,海外艦,https://cdn.wikiwiki.jp/to/w/kancolle/Gotland/::ref/374.jpg?rev=9674349565ec80f3419914c5597c43ed&t=20180913101558,244.5225,239.7225,243.805,2,4
498,Gotland改,海外艦,https://cdn.wikiwiki.jp/to/w/kancolle/Gotland%E6%94%B9/::ref/379.jpg?rev=2fd6431b3ce99930b2c42ee2e8e9d4ad&t=20180915140714,239.3125,215.9175,180.9625,0,4
499,De Ruyter,海外艦,https://cdn.wikiwiki.jp/to/w/kancolle/De%20Ruyter/::ref/399.png?rev=ad0f753ee06fc1addd6d1672a0f24876&t=20191130154351,111.1725,116.225,124.195,1,2
500,Perth,海外艦,https://cdn.wikiwiki.jp/to/w/kancolle/Perth/::ref/413.png?rev=da182a0632518d0a0c3e3c44d7b19f10&t=20191130154114,111.1575,116.54,124.02,1,2
501,Perth改,海外艦,https://cdn.wikiwiki.jp/to/w/kancolle/Perth%E6%94%B9/::ref/418.png?rev=3df489a6a056c52a0c22576e17620a4b&t=20191130195627,139.7,124.8575,76.8025,4,3
502,ハルナ,期間限定艦,https://cdn.wikiwiki.jp/to/w/kancolle/%E3%83%8F%E3%83%AB%E3%83%8A/::ref/haruna.png?rev=fa22d7ab85141ca7d6702ed79f363395&t=20131224192712,244.82,238.8525,242.005,2,4
503,タカオ,期間限定艦,https://cdn.wikiwiki.jp/to/w/kancolle/%E3%82%BF%E3%82%AB%E3%82%AA/::ref/TAKAO.jpg?rev=707496abec31c0edcf1d8cb2df17d4c0&t=20131224165657,242.195,237.275,240.1825,2,4
504,イオナ,期間限定艦,https://cdn.wikiwiki.jp/to/w/kancolle/%E3%82%A4%E3%82%AA%E3%83%8A/::ref/IONA.jpg?rev=70e95723b56082537a83911f49aa47dd&t=20131224120854,239.8125,234.96,240.625,2,4
